change,scene,other_scenes,before,after
1,start,36,[meta description] Valo Pay — a synthetic-data collections and Pay-by-bank operations sandbox for Nigerian lenders. ¶ Demo sandbox · Synthetic data only · No real payments,"[meta description] Valo Pay demo: collections and Pay-by-bank software for Nigerian lenders and cooperatives, shown with sample data. ¶ Demo · Sample data only · No real payments"
2,start,0,"Collections and Pay-by-bank ¶ Explore a sample lender's workspace ¶ You get your own copy of Meridian Finance, a made-up lender with customers, instalment schedules, consents, payments and items waiting for review.","For lenders and cooperatives in Nigeria ¶ See how Valo Pay runs loan collections ¶ Valo Pay is software for the team that collects loan repayments. It is designed to keep each customer's consent to be debited, their instalments and their payments in one place, link each confirmed payment to the instalment it covers, and send anything unclear to a review queue. Valo Pay never holds money: each lender connects its own Paystack account. ¶ This demo gives you your own copy of Meridian Finance, a made-up lender, with sample customers, instalments, consents, payments and items waiting for review."
3,start,1,"Every name, loan and payment is synthetic. Never enter real customer data. ¶ No bank or payment provider is connected, so no money can move. ¶ You can switch between four team roles. This is a simulation, not sign-in. ¶ Workspaces close after 30 minutes without activity and are then deleted.","Once it is open, the demo guide walks you through Valo Pay step by step. ¶ Before you start ¶ Every name, loan and payment is sample data. Do not enter real customer details. ¶ No bank or Paystack account is connected, so no money can move and no messages are sent. ¶ You can act as four team members with different roles. This is not signing in. ¶ Your workspace closes after 30 minutes without activity and is then deleted. ¶ Credit Desk and Cash Desk are previews of workspaces planned for later. They do not work yet."
4,start/expired-session-post,0,"Your demo workspace has ended (workspaces close after 30 minutes without activity), so that change was not saved. ¶ Collections and Pay-by-bank ¶ Explore a sample lender's workspace ¶ You get your own copy of Meridian Finance, a made-up lender with customers, instalment schedules, consents, payments and items waiting for review.","Your demo session has ended, so that change was not saved. Demo workspaces close after 30 minutes without activity. Open a new workspace to continue. ¶ For lenders and cooperatives in Nigeria ¶ See how Valo Pay runs loan collections ¶ Valo Pay is software for the team that collects loan repayments. It is designed to keep each customer's consent to be debited, their instalments and their payments in one place, link each confirmed payment to the instalment it covers, and send anything unclear to a review queue. Valo Pay never holds money: each lender connects its own Paystack account. ¶ This demo gives you your own copy of Meridian Finance, a made-up lender, with sample customers, instalments, consents, payments and items waiting for review."
5,error/csrf-failure,0,"[page title] 403 Forbidden ¶ Forbidden (403) ¶ CSRF verification failed. Request aborted. ¶ You are seeing this message because this site requires a CSRF cookie when submitting forms. This cookie is required for security reasons, to ensure that your browser is not being hijacked by third parties. ¶ If you have configured your browser to disable cookies, please re-enable them, at least for this site, or for “same-origin” requests. ¶ More information is available with DEBUG=True.","[page title] Form not accepted · Valo Pay ¶ [meta description] Valo Pay demo: collections and Pay-by-bank software for Nigerian lenders and cooperatives, shown with sample data. ¶ Demo · Sample data only · No real payments ¶ V Valo Pay ¶ Form not accepted ¶ This form could not be sent ¶ For security, Valo Pay accepts a form only from a page it has just shown you, and it uses a cookie to check this. Nothing was saved. Go back, reload the page and send the form again. If this keeps happening, check that your browser allows cookies for this site. ¶ Go to Valo Pay"
6,error/500,0,[page title] Server Error (500) ¶ Server Error (500),"[page title] Error · Valo Pay ¶ [meta description] Valo Pay demo: collections and Pay-by-bank software for Nigerian lenders and cooperatives, shown with sample data. ¶ Demo · Sample data only · No real payments ¶ V Valo Pay ¶ Error ¶ This page could not be shown ¶ Valo Pay ran into an error on its side. If you were making a change, open the record again to check whether it was saved before you try again. ¶ Go to Valo Pay"
7,today,99,,Demo ¶ [aria-label] Demo ¶ Demo guide Start page
8,today,99,Credit Desk soon Cash Desk soon ¶ Simulating,Credit Desk preview Cash Desk preview ¶ Acting as
9,today,0,"Admin · switch ¶ Sunday, 4 October 2026 ¶ Good day, Ada Okafor. ¶ What was due, what was confirmed, and what needs a human decision. ¶ New payment request Open reviews (4) ¶ Collected this month · sample records","Admin · Switch person ¶ Sunday 4 Oct 2026 ¶ Good day, Ada Okafor ¶ What is due, what has been confirmed and what needs a decision. ¶ New payment request Review queue (4 open) ¶ New to Valo Pay? Open the demo guide for a step-by-step tour of this sample lender. ¶ Confirmed this month · sample data"
10,today,1,"₦180,000.00 outstanding today across 3 instalments ¶ 8 sample confirmed payments · no real money moved ¶ Failed","₦180,000.00 outstanding on 3 instalments due today ¶ From 8 confirmed sample payments since 1 Oct · no real money moved ¶ Failed instalments"
11,today,2,In review,Open reviews
12,today,1,On hold ¶ 5,Instalments on hold ¶ 5 on 1 loan
13,today,1,6 / 12 ¶ Needs a decision All reviews,6 of 12 loans ¶ Needs a decision Review queue
14,today,1,"Overdue Due 3 Oct, HH:MM · Tunde Bello","Overdue Deadline 3 Oct 2026, HH:MM WAT · Owner: Tunde Bello"
15,today,4,"Due 6 Oct, HH:MM · Tunde Bello","Deadline 6 Oct 2026, HH:MM WAT · Owner: Tunde Bello"
16,today,1,Activity,Recent activity
17,today,0,Demo workspace created Synthetic examples loaded. Live payment processing is disabled.,"Demo workspace created Sample data loaded. No payment provider is connected, so no money can move."
18,customers/list,4,Admin · switch ¶ Borrowers,Admin · Switch person ¶ Borrowers and members
19,customers/list,1,12 shown. Consent and hold state at a glance. ¶ Import CSV Add customer,"12 customers. Each row shows their loans, consent status and any holds. ¶ Import from CSV Add customer ¶ Search customers ¶ [placeholder] Name, email, phone, customer ID or loan ID"
20,customers/list,5,"[placeholder] Name, email, phone or ID ¶ Search ¶ All Overdue On hold No consent",All Overdue On hold No active consent
21,customers/list,4,External ID,Customer ID
22,customers/list,41,,Actions
23,customers/list,35,Open,View Aisha Musa
24,customers/search-no-match,2,0 shown. Consent and hold state at a glance. ¶ Import CSV Add customer,"0 customers match your search or filter. ¶ Import from CSV Add customer ¶ Search customers ¶ [placeholder] Name, email, phone, customer ID or loan ID"
25,customers/search-no-match,0,No customers match Clear filters,No customers match your search or filter Clear search and filters
26,customers/filter-hold,0,1 shown. Consent and hold state at a glance. ¶ Import CSV Add customer,"1 customer matches your search or filter. ¶ Import from CSV Add customer ¶ Search customers ¶ [placeholder] Name, email, phone, customer ID or loan ID"
27,customer/on-hold-unknown,22,[page title] Customer · Valo Pay ¶ [meta description] Valo Pay — a synthetic-data collections and Pay-by-bank operations sandbox for Nigerian lenders. ¶ Demo sandbox · Synthetic data only · No real payments,"[page title] Amara Okeke · Valo Pay ¶ [meta description] Valo Pay demo: collections and Pay-by-bank software for Nigerian lenders and cooperatives, shown with sample data. ¶ Demo · Sample data only · No real payments"
28,customer/on-hold-unknown,38,Admin · switch,Admin · Switch person
29,customer/on-hold-unknown,11,sample1@example.com · ¶ Download history CSV Edit,sample1@example.com ¶ Download history (CSV) Edit customer
30,customer/on-hold-unknown,2,Collections paused. Unknown result: awaiting final provider evidence.,On hold. No new payment requests can be created for this loan. Reason: A payment on this loan has an Unknown result. Collection stays paused until the final result is known. ¶ Unknown result. There is no final result yet for a payment on instalment 2. Further collection for it is on hold until the result is known.
31,customer/on-hold-unknown,11,Active ¶ Max per debit,"Active Consent is in place. Debits must still follow the schedule, the maximum per debit, the six-hour wait after authorisation and the notice rule. ¶ Maximum per debit"
32,customer/on-hold-unknown,23,Consent expires,Consent ends
33,customer/on-hold-unknown,18,Instalments Schedule editing is not in this release ¶ Due,Instalments ¶ Changing the schedule is not available in this demo. ¶ Due date
34,customer/on-hold-unknown,4,,Release the hold ¶ Someone other than the person who put the loan on hold must release it. ¶ Reason (required)
35,customer/on-hold-unknown,3,Reason (required) ¶ Release ¶ Record consent withdrawal ¶ [data-confirm] Record that this customer withdrew consent?,Withdraw consent ¶ [data-confirm] Withdraw consent for LN-2041? ¶ Use this when the customer asks to withdraw their consent.
36,customer/on-hold-unknown,8,Close loan ¶ [data-confirm] Close this loan? This is logged.,"Close this loan ¶ [data-confirm] Close loan LN-2041? Its open payment requests will be cancelled, and a closed loan cannot be reopened in Valo Pay. ¶ For a loan that is paid off or written off. Open payment requests are cancelled and all records are kept."
37,customer/on-hold-unknown,6,No activity yet.,No changes recorded for this customer's loans yet.
38,customer/no-consent,4,Not requested ¶ Max per debit,Not requested No consent link has been created for this loan yet. ¶ Maximum per debit
39,customer/no-consent,59,Request,Request payment for LN-2044 instalment 2
40,customer/no-consent,5,Send consent request ¶ Generates a link the customer opens to review and authorise debits.,Create a consent link ¶ The customer opens the link to check the repayment plan and authorise debits from their bank account. Nothing is sent: you share the link yourself.
41,customer/no-consent,14,Place on hold,Put this loan on hold ¶ No new payment requests can be created while the loan is on hold.
42,customer/no-consent,5,[placeholder] e.g. Customer dispute under review ¶ Pause collections ¶ Close loan ¶ [data-confirm] Close this loan? This is logged.,"[placeholder] For example, customer dispute under review ¶ Put on hold ¶ Close this loan ¶ [data-confirm] Close loan LN-2044? Its open payment requests will be cancelled, and a closed loan cannot be reopened in Valo Pay. ¶ For a loan that is paid off or written off. Open payment requests are cancelled and all records are kept."
43,customer/active-consent,4,[placeholder] e.g. Customer dispute under review ¶ Pause collections ¶ Record consent withdrawal ¶ [data-confirm] Record that this customer withdrew consent?,"[placeholder] For example, customer dispute under review ¶ Put on hold ¶ Withdraw consent ¶ [data-confirm] Withdraw consent for LN-2042? ¶ Use this when the customer asks to withdraw their consent."
44,customer/active-consent,15,No reviews for this customer.,No review items for this customer.
45,customer-form/new,3,[page title] Customer Form · Valo Pay ¶ [meta description] Valo Pay — a synthetic-data collections and Pay-by-bank operations sandbox for Nigerian lenders. ¶ Demo sandbox · Synthetic data only · No real payments,"[page title] Add a customer · Valo Pay ¶ [meta description] Valo Pay demo: collections and Pay-by-bank software for Nigerian lenders and cooperatives, shown with sample data. ¶ Demo · Sample data only · No real payments"
46,customer-form/new,1,Amounts are in naira. The loan is split into equal instalments starting on the first due date. ¶ Name: ¶ Customer ID: ¶ Email: ¶ Phone: ¶ Loan id: ¶ Product: ¶ Instalment amount (₦): ¶ Due date: ¶ Instalment count: ¶ Create customer,"Enter the customer's details and their loan. Amounts are in naira. ¶ Customer name ¶ Customer ID ¶ Your organisation's ID for this customer. ¶ Email (optional) ¶ Phone (optional) ¶ Loan ID ¶ Your organisation's ID for this loan. ¶ Loan product ¶ For example, Asset finance. ¶ Amount of each instalment (₦) ¶ For example, 18450.00. ¶ First due date ¶ Later instalments fall on the same day of each following month, or on the last day of a shorter month. ¶ Number of instalments ¶ From 1 to 120, one each month. ¶ Add customer"
47,customer-form/new,5,"Synthetic data only. Do not enter real borrower names, BVNs, or account numbers in this sandbox.","Use made-up details only. Do not enter real customer names, Bank Verification Numbers (BVNs) or account numbers in this demo."
48,customer-form/new-duplicate-id,0,Amounts are in naira. The loan is split into equal instalments starting on the first due date. ¶ Customer or loan ID already exists in this organisation. ¶ Name: ¶ Customer ID: ¶ Email: ¶ Phone: ¶ Loan id: ¶ Product: ¶ Instalment amount (₦): ¶ Due date: ¶ Instalment count: ¶ Create customer,"Enter the customer's details and their loan. Amounts are in naira. ¶ That customer ID or loan ID is already used in your organisation. Use a different ID. ¶ Customer name ¶ Customer ID ¶ Your organisation's ID for this customer. ¶ Email (optional) ¶ Phone (optional) ¶ Loan ID ¶ Your organisation's ID for this loan. ¶ Loan product ¶ For example, Asset finance. ¶ Amount of each instalment (₦) ¶ For example, 18450.00. ¶ First due date ¶ Later instalments fall on the same day of each following month, or on the last day of a shorter month. ¶ Number of instalments ¶ From 1 to 120, one each month. ¶ Add customer"
49,customer-form/new-invalid-values,0,Amounts are in naira. The loan is split into equal instalments starting on the first due date. ¶ Name: ¶ Customer ID: ¶ Enter a valid email address. ¶ Email: ¶ Phone: ¶ Loan id: ¶ Product: ¶ Ensure this value is greater than or equal to 0.01. ¶ Instalment amount (₦): ¶ Enter a valid date. ¶ Due date: ¶ Ensure this value is less than or equal to 120. ¶ Instalment count: ¶ Create customer,"Enter the customer's details and their loan. Amounts are in naira. ¶ Customer name ¶ Customer ID ¶ Your organisation's ID for this customer. ¶ Enter an email address such as name@example.com. ¶ Email (optional) ¶ Phone (optional) ¶ Loan ID ¶ Your organisation's ID for this loan. ¶ Loan product ¶ For example, Asset finance. ¶ Enter an amount of at least ₦0.01. ¶ Amount of each instalment (₦) ¶ For example, 18450.00. ¶ Enter the date as YYYY-MM-DD, for example 2026-11-15. ¶ First due date ¶ Later instalments fall on the same day of each following month, or on the last day of a shorter month. ¶ Enter a whole number from 1 to 120. ¶ Number of instalments ¶ From 1 to 120, one each month. ¶ Add customer"
50,customer-form/new-success-diacritics,0,Admin · switch ¶ Customer saved.,"Admin · Switch person ¶ Customer added, with 3 instalments on loan LN-5001."
51,customer-form/new-success-diacritics,0,· ¶ Download history CSV Edit,No email or phone recorded ¶ Download history (CSV) Edit customer
52,customer-form/new-success-diacritics,1,No payments recorded,No confirmed payments yet
53,customer-form/edit,1,[page title] Customer Form · Valo Pay ¶ [meta description] Valo Pay — a synthetic-data collections and Pay-by-bank operations sandbox for Nigerian lenders. ¶ Demo sandbox · Synthetic data only · No real payments,"[page title] Edit Chidi Nwosu · Valo Pay ¶ [meta description] Valo Pay demo: collections and Pay-by-bank software for Nigerian lenders and cooperatives, shown with sample data. ¶ Demo · Sample data only · No real payments"
54,customer-form/edit,1,Amounts are in naira. The loan is split into equal instalments starting on the first due date. ¶ Name: ¶ Customer ID: ¶ Email: ¶ Phone: ¶ Loan id: ¶ Schedule changes require versioning and renewed notice; not available in this sandbox release. ¶ Product: ¶ Instalment amount (₦): ¶ Schedule changes require versioning and renewed notice; not available in this sandbox release. ¶ Due date: ¶ Schedule changes require versioning and renewed notice; not available in this sandbox release. ¶ Instalment count: ¶ Schedule changes require versioning and renewed notice; not available in this sandbox release.,"You can change the customer's name, customer ID, email, phone and loan product. ¶ Customer name ¶ Customer ID ¶ Your organisation's ID for this customer. ¶ Email (optional) ¶ Phone (optional) ¶ Loan ID ¶ You cannot change the schedule in this demo. In the live service, a change creates a new version of the schedule and the customer must be notified again. ¶ Loan product ¶ For example, Asset finance. ¶ Amount of each instalment (₦) ¶ You cannot change the schedule in this demo. In the live service, a change creates a new version of the schedule and the customer must be notified again. ¶ First due date ¶ You cannot change the schedule in this demo. In the live service, a change creates a new version of the schedule and the customer must be notified again. ¶ Number of instalments ¶ You cannot change the schedule in this demo. In the live service, a change creates a new version of the schedule and the customer must be notified again."
55,customer-form/edit-success,0,Admin · switch ¶ Customer saved.,Admin · Switch person ¶ Changes saved.
56,customer-form/edit-success,5,Download history CSV Edit,Download history (CSV) Edit customer
57,import/empty,4,[page title] Import · Valo Pay ¶ [meta description] Valo Pay — a synthetic-data collections and Pay-by-bank operations sandbox for Nigerian lenders. ¶ Demo sandbox · Synthetic data only · No real payments,"[page title] Import instalments · Valo Pay ¶ [meta description] Valo Pay demo: collections and Pay-by-bank software for Nigerian lenders and cooperatives, shown with sample data. ¶ Demo · Sample data only · No real payments"
58,import/empty,4,One row per instalment. Validation is all-or-nothing: nothing is saved unless every row passes.,"Upload a CSV file with one row for each instalment. Every row is checked first: if any row has a problem, nothing is imported."
59,import/empty,3,CSV file (optional) ¶ Selecting a file fills the box below. You can also paste directly.,CSV file ¶ Choosing a file fills in the box below. You can also paste the data into the box.
60,import/empty,0,"Validate ¶ Columns ¶ customer_id ¶ name ¶ email ¶ phone ¶ loan_id ¶ product ¶ amount naira, e.g. 18450.00 ¶ due_date YYYY-MM-DD","Check file ¶ What the file needs ¶ The first row must contain these column names. An import can only add new customers and new loans. ¶ customer_id your ID for a new customer ¶ name the customer's name ¶ email optional ¶ phone optional ¶ loan_id your ID for the loan; use one row per instalment ¶ product optional; Personal finance if empty ¶ amount naira, for example 18450.00 ¶ due_date YYYY-MM-DD, for example 2026-11-15"
61,import/errors,0,Validate ¶ 11 problems — nothing imported ¶ Row 3: amount: use a positive number with at most two decimal places ¶ Row 4: [<class 'decimal.ConversionSyntax'>] ¶ Row 5: Invalid isoformat string: '2026/11/01' ¶ Row 6: ['Enter a valid email address.'] ¶ Row 7: loan_id: already exists in this organisation ¶ Row 8: customer_id: already exists; use the customer form for existing records ¶ Row 9: name: required and too long values are not allowed ¶ Row 10: duplicate instalment for this loan and due date ¶ Row 11: loan_id: belongs to two different customers ¶ Row 12: column count does not match the template ¶ Row 13: phone or product exceeds maximum length ¶ Customer,"Check file ¶ The file was not imported ¶ Fix the 11 problems below, then check the file again. ¶ Row 3, amount: ""10.005"" has more than 2 decimal places. Use no more than 2, for example 18450.50. ¶ Row 4, amount: ""abc"" is not a number. Enter the amount in naira, for example 18450.00. ¶ Row 5, due_date: ""2026/11/01"" is not a date in the format YYYY-MM-DD. Enter it like 2026-11-15. ¶ Row 6, email: ""nope"" is not a valid email address. Correct it or leave it empty. ¶ Row 7, loan_id: LN-2041 is already used by a loan in your organisation. An import can only add new loans, so use a different loan ID. ¶ Row 8, customer_id: CUS-1001 already exists in your organisation. An import can only add new customers. ¶ Row 9, name: This value is missing. Enter the customer's name. ¶ Row 10, due_date: Loan LN-7001 already has an instalment due on 2026-11-01 earlier in this file. Remove the duplicate row. ¶ Row 11, loan_id: LN-7001 also appears with a different customer_id in this file. Each loan must belong to one customer. ¶ Row 12: This row has more values than there are columns. Check for an extra comma, or put quotes around values that contain a comma. ¶ Row 13, phone: This value is too long. Use up to 30 characters. ¶ Customer ID"
62,import/errors,1,Loan ¶ Due ¶ Amount,Loan ID ¶ Due date ¶ Amount (₦)
63,import/errors,3,2026-11-01,1 Nov 2026
64,import/errors,1,"Columns ¶ customer_id ¶ name ¶ email ¶ phone ¶ loan_id ¶ product ¶ amount naira, e.g. 18450.00 ¶ due_date YYYY-MM-DD","What the file needs ¶ The first row must contain these column names. An import can only add new customers and new loans. ¶ customer_id your ID for a new customer ¶ name the customer's name ¶ email optional ¶ phone optional ¶ loan_id your ID for the loan; use one row per instalment ¶ product optional; Personal finance if empty ¶ amount naira, for example 18450.00 ¶ due_date YYYY-MM-DD, for example 2026-11-15"
65,import/missing-columns,0,"Validate ¶ 1 problem — nothing imported ¶ Missing columns: amount, customer_id, due_date, email, loan_id, name, phone, product ¶ Columns ¶ customer_id ¶ name ¶ email ¶ phone ¶ loan_id ¶ product ¶ amount naira, e.g. 18450.00 ¶ due_date YYYY-MM-DD","Check file ¶ The file was not imported ¶ Fix the 1 problem below, then check the file again. ¶ The file is missing these columns: customer_id, email, phone, loan_id, product, due_date. The first row must name all 8 columns: customer_id, name, email, phone, loan_id, product, amount, due_date. Download the CSV template to see the format. ¶ What the file needs ¶ The first row must contain these column names. An import can only add new customers and new loans. ¶ customer_id your ID for a new customer ¶ name the customer's name ¶ email optional ¶ phone optional ¶ loan_id your ID for the loan; use one row per instalment ¶ product optional; Personal finance if empty ¶ amount naira, for example 18450.00 ¶ due_date YYYY-MM-DD, for example 2026-11-15"
66,import/no-rows,0,"Validate ¶ 1 problem — nothing imported ¶ No instalments found. ¶ Columns ¶ customer_id ¶ name ¶ email ¶ phone ¶ loan_id ¶ product ¶ amount naira, e.g. 18450.00 ¶ due_date YYYY-MM-DD","Check file ¶ The file was not imported ¶ Fix the 1 problem below, then check the file again. ¶ The file has column names but no instalment rows. Add one row for each instalment. ¶ What the file needs ¶ The first row must contain these column names. An import can only add new customers and new loans. ¶ customer_id your ID for a new customer ¶ name the customer's name ¶ email optional ¶ phone optional ¶ loan_id your ID for the loan; use one row per instalment ¶ product optional; Personal finance if empty ¶ amount naira, for example 18450.00 ¶ due_date YYYY-MM-DD, for example 2026-11-15"
67,import/preview,0,"3 rows passed. Review the preview, then commit. ¶ Commit import ¶ Start over ¶ Customer","All 3 rows passed the checks. Check the preview below, then import. ¶ Import 3 instalments ¶ Start again ¶ Customer ID"
68,import/success,0,Admin · switch ¶ Imported 3 instalments. ¶ Borrowers,Admin · Switch person ¶ Imported 3 instalments for 2 loans. ¶ Borrowers and members
69,customer/two-loans,0,t@example.com · ¶ Download history CSV Edit ¶ Loan LN-9001 Open Edit,t@example.com ¶ Download history (CSV) Edit customer ¶ Loan LN-9001 Open Edit loan
70,customer/two-loans,1,Instalments LN-9001 Schedule editing is not in this release ¶ Due,Instalments LN-9001 ¶ Changing the schedule is not available in this demo. ¶ Due date
71,customer/two-loans,0,Request ¶ Loan LN-9002 Open Edit,Request payment for LN-9001 instalment 2 ¶ Loan LN-9002 Open Edit loan
72,loan-action/hold-no-reason,0,Admin · switch ¶ A reason is required.,Admin · Switch person ¶ Enter a reason. It is saved in the loan's audit trail.
73,loan-action/consent-created,1,Admin · switch ¶ Demo consent link created. No email was sent and no bank authorisation has been created.,Admin · Switch person ¶ Consent link created for LN-2052. Copy it below and share it with the customer; it works for 14 days. Nothing was sent: this demo does not send emails.
74,loan-action/consent-created,2,Requested ¶ Max per debit,Requested A consent link has been created. The customer has not authorised it yet. The link works for 14 days. ¶ Maximum per debit
75,loan-action/consent-created,2,Customer consent link ¶ Copy ¶ Open ¶ Instalments Schedule editing is not in this release ¶ Due,"Consent link to share with the customer ¶ Copy link ¶ Preview the customer's consent page (opens in a new tab) ¶ Works until 18 Oct 2026, HH:MM WAT. ¶ Instalments ¶ Changing the schedule is not available in this demo. ¶ Due date"
76,loan-action/consent-created,2,Send consent request ¶ Generates a link the customer opens to review and authorise debits.,Create a new consent link ¶ The current link will stop working. The customer opens the link to check the repayment plan and authorise debits from their bank account. Nothing is sent: you share the link yourself.
77,loan-action/consent-created,2,[placeholder] e.g. Customer dispute under review ¶ Pause collections ¶ Record consent withdrawal ¶ [data-confirm] Record that this customer withdrew consent?,"[placeholder] For example, customer dispute under review ¶ Put on hold ¶ Withdraw the consent link ¶ [data-confirm] Withdraw the consent link for LN-2052? It will stop working. ¶ Use this to cancel a consent link the customer has not used."
78,loan-action/consent-created,2,Withdraw consent ¶ Close loan ¶ [data-confirm] Close this loan? This is logged.,"Withdraw link ¶ Close this loan ¶ [data-confirm] Close loan LN-2052? Its open payment requests will be cancelled, and a closed loan cannot be reopened in Valo Pay. ¶ For a loan that is paid off or written off. Open payment requests are cancelled and all records are kept."
79,loan-action/consent-already-active,0,Admin · switch ¶ An active or pending consent already exists.,"Admin · Switch person ¶ This loan's consent is already Active, so a new consent link is not needed."
80,loan-action/hold-placed,0,Admin · switch,Admin · Switch person ¶ LN-2042 is on hold. No new payment requests can be created for it until a different person releases the hold.
81,loan-action/hold-placed,1,Collections paused. Customer dispute under review,On hold. No new payment requests can be created for this loan. Reason: Customer dispute under review
82,loan-action/release-by-same-person,0,Admin · switch ¶ A different Reviewer must release this hold.,"Admin · Switch person ¶ You put this loan on hold, so a different person must release it."
83,loan-action/release-unknown-result,0,Reviewer · switch ¶ Simulating Tunde Bello (Reviewer). This is not authentication. ¶ Unknown results require final provider evidence. This hold cannot be released.,"Reviewer · Switch person ¶ You're now acting as Tunde Bello (Reviewer). This is for the demo only; it is not signing in. ¶ This hold cannot be released yet. A payment on this loan has an Unknown result, and collection stays on hold until the final result is known."
84,loan-action/release-unknown-result,0,sample1@example.com · ¶ Download history CSV Edit,sample1@example.com ¶ Download history (CSV)
85,loan-action/release-unknown-result,0,Reason (required) ¶ Release ¶ Record consent withdrawal ¶ [data-confirm] Record that this customer withdrew consent? ¶ Reason (required) ¶ Withdraw consent ¶ Close loan ¶ [data-confirm] Close this loan? This is logged. ¶ Reason (required) ¶ Close loan,
86,loan-action/release-success,0,Reviewer · switch,Reviewer · Switch person ¶ Hold released. Payment requests can be created for LN-2042 again.
87,loan-action/release-success,1,Download history CSV Edit,Download history (CSV)
88,loan-action/release-success,9,Request,
89,loan-action/release-success,0,[placeholder] e.g. Customer dispute under review ¶ Pause collections ¶ Record consent withdrawal ¶ [data-confirm] Record that this customer withdrew consent? ¶ Reason (required) ¶ Withdraw consent ¶ Close loan ¶ [data-confirm] Close this loan? This is logged. ¶ Reason (required) ¶ Close loan,"[placeholder] For example, customer dispute under review ¶ Put on hold"
90,loan-action/withdraw-nothing-to-withdraw,0,Admin · switch ¶ Simulating Ada Okafor (Admin). This is not authentication. ¶ There is no unused consent link to withdraw.,Admin · Switch person ¶ You're now acting as Ada Okafor (Admin). This is for the demo only; it is not signing in. ¶ This loan has no unused consent link to withdraw.
91,loan-action/withdraw-active-consent,0,Admin · switch ¶ Provider deactivation is unavailable. No withdrawal has been claimed; live processing is disabled.,"Admin · Switch person ¶ Consent cannot be withdrawn in this demo. Withdrawing it means cancelling it at Paystack, and no Paystack account is connected. The consent is unchanged."
92,loan-action/withdraw-unused-link,0,Admin · switch,"Admin · Switch person ¶ Consent link withdrawn. The customer had not used it, and the link no longer works."
93,loan-action/withdraw-unused-link,0,Withdrawn ¶ Max per debit,"Withdrawn The consent, or a consent link the customer had not used, was withdrawn. No debits can be made under it. ¶ Maximum per debit"
94,loan-action/close-success,0,Admin · switch,Admin · Switch person ¶ LN-2047 is closed. All its records are kept.
95,loan-action/close-success,2,Awaiting bank ¶ Max per debit,"Awaiting bank The customer has authorised, and their bank is still activating the consent. No debit can be made until it is Active. ¶ Maximum per debit"
96,loan-action/close-success,2,Place on hold ¶ Reason (required) ¶ [placeholder] e.g. Customer dispute under review ¶ Pause collections ¶ Record consent withdrawal ¶ [data-confirm] Record that this customer withdrew consent?,Withdraw consent ¶ [data-confirm] Withdraw consent for LN-2047? ¶ Use this when the customer asks to withdraw their consent.
97,collections/all,4,Admin · switch ¶ Schedule,Admin · Switch person ¶ Instalments
98,collections/all,4,Every instalment and where it stands. Debits are never run from this screen in the sandbox.,"Every instalment and its status. In this demo, scheduled direct debits do not run; you can request a payment for an instalment instead."
99,collections/all,4,[placeholder] Customer or loan reference ¶ [aria-label] Search,[placeholder] Customer name or loan ID ¶ [aria-label] Search instalments
100,collections/all,3,Due,Due date
101,collections/all,15,Amara Okeke Hold,Amara Okeke
102,collections/all,110,Request,"Request payment for Ibrahim Lawal, LN-2049 instalment 2"
103,collections/search-no-match,0,No instalments here Clear filters,No instalments match your search or filter Clear search and filters
104,request-form/empty,7,[page title] Request Form · Valo Pay ¶ [meta description] Valo Pay — a synthetic-data collections and Pay-by-bank operations sandbox for Nigerian lenders. ¶ Demo sandbox · Synthetic data only · No real payments,"[page title] New payment request · Valo Pay ¶ [meta description] Valo Pay demo: collections and Pay-by-bank software for Nigerian lenders and cooperatives, shown with sample data. ¶ Demo · Sample data only · No real payments"
105,request-form/empty,1,"Creates a shareable demo link for one instalment. ¶ Instalment: ¶ --------- ¶ Amara Okeke · LN-2041 / 2 · ₦35,000.00 ¶ Amara Okeke · LN-2041 / 3 · ₦35,000.00 ¶ Amara Okeke · LN-2041 / 4 · ₦35,000.00 ¶ Amara Okeke · LN-2041 / 5 · ₦35,000.00 ¶ Amara Okeke · LN-2041 / 6 · ₦35,000.00 ¶ Fatima Ibrahim · LN-2043 / 2 · ₦45,000.00 ¶ Fatima Ibrahim · LN-2043 / 3 · ₦45,000.00 ¶ Fatima Ibrahim · LN-2043 / 4 · ₦45,000.00 ¶ Fatima Ibrahim · LN-2043 / 5 · ₦45,000.00 ¶ Fatima Ibrahim · LN-2043 / 6 · ₦45,000.00 ¶ Oluwaseun Adeyemi · LN-2044 / 2 · ₦50,000.00 ¶ Oluwaseun Adeyemi · LN-2044 / 3 · ₦50,000.00 ¶ Oluwaseun Adeyemi · LN-2044 / 4 · ₦50,000.00 ¶ Oluwaseun Adeyemi · LN-2044 / 5 · ₦50,000.00 ¶ Oluwaseun Adeyemi · LN-2044 / 6 · ₦50,000.00 ¶ Aisha Musa · LN-2045 / 2 · ₦55,000.00 ¶ Aisha Musa · LN-2045 / 3 · ₦55,000.00 ¶ Aisha Musa · LN-2045 / 4 · ₦55,000.00 ¶ Aisha Musa · LN-2045 / 5 · ₦55,000.00 ¶ Aisha Musa · LN-2045 / 6 · ₦55,000.00 ¶ Tobechukwu Eze · LN-2046 / 2 · ₦60,000.00 ¶ Tobechukwu Eze · LN-2046 / 3 · ₦60,000.00 ¶ Tobechukwu Eze · LN-2046 / 4 · ₦60,000.00 ¶ Tobechukwu Eze · LN-2046 / 5 · ₦60,000.00 ¶ Tobechukwu Eze · LN-2046 / 6 · ₦60,000.00 ¶ Ibrahim Lawal · LN-2049 / 2 · ₦75,000.00 ¶ Ibrahim Lawal · LN-2049 / 3 · ₦75,000.00 ¶ Ibrahim Lawal · LN-2049 / 4 · ₦75,000.00 ¶ Ibrahim Lawal · LN-2049 / 5 · ₦75,000.00 ¶ Ibrahim Lawal · LN-2049 / 6 · ₦75,000.00 ¶ Nneka Umeh · LN-2050 / 2 · ₦80,000.00 ¶ Nneka Umeh · LN-2050 / 3 · ₦80,000.00 ¶ Nneka Umeh · LN-2050 / 4 · ₦80,000.00 ¶ Nneka Umeh · LN-2050 / 5 · ₦80,000.00 ¶ Nneka Umeh · LN-2050 / 6 · ₦80,000.00 ¶ David James · LN-2051 / 2 · ₦85,000.00 ¶ David James · LN-2051 / 3 · ₦85,000.00 ¶ David James · LN-2051 / 4 · ₦85,000.00 ¶ David James · LN-2051 / 5 · ₦85,000.00 ¶ David James · LN-2051 / 6 · ₦85,000.00 ¶ Túndé Bakare · LN-5001 / 1 · ₦1,234,567.89 ¶ Túndé Bakare · LN-5001 / 2 · ₦1,234,567.89 ¶ Túndé Bakare · LN-5001 / 3 · ₦1,234,567.89 ¶ Test Person · LN-9001 / 1 · ₦1,000.50 ¶ Test Person · LN-9001 / 2 · ₦1,000.50 ¶ Test Person · LN-9002 / 1 · ₦2,500.00 ¶ Grace Etim · LN-2052 / 2 · ₦90,000.00 ¶ Grace Etim · LN-2052 / 3 · ₦90,000.00 ¶ Grace Etim · LN-2052 / 4 · ₦90,000.00 ¶ Grace Etim · LN-2052 / 5 · ₦90,000.00 ¶ Grace Etim · LN-2052 / 6 · ₦90,000.00 ¶ Chidi Nwosu · LN-2042 / 2 · ₦40,000.00 ¶ Chidi Nwosu · LN-2042 / 3 · ₦40,000.00 ¶ Chidi Nwosu · LN-2042 / 4 · ₦40,000.00 ¶ Chidi Nwosu · LN-2042 / 5 · ₦40,000.00 ¶ Chidi Nwosu · LN-2042 / 6 · ₦40,000.00 ¶ Ifeoma Okoro · LN-2048 / 2 · ₦70,000.00 ¶ Ifeoma Okoro · LN-2048 / 3 · ₦70,000.00 ¶ Ifeoma Okoro · LN-2048 / 4 · ₦70,000.00 ¶ Ifeoma Okoro · LN-2048 / 5 · ₦70,000.00 ¶ Ifeoma Okoro · LN-2048 / 6 · ₦70,000.00 ¶ Amount (₦): ¶ Expiry hours: ¶ I understand this creates a demo link only . No money moves and no message is sent to the customer. ¶ Create request link","Creates a payment link for one instalment, which you share with the customer. ¶ Instalment ¶ Choose an instalment ¶ Amara Okeke · LN-2041 · instalment 2 · ₦35,000.00 outstanding · on hold ¶ Amara Okeke · LN-2041 · instalment 3 · ₦35,000.00 outstanding · on hold ¶ Amara Okeke · LN-2041 · instalment 4 · ₦35,000.00 outstanding · on hold ¶ Amara Okeke · LN-2041 · instalment 5 · ₦35,000.00 outstanding · on hold ¶ Amara Okeke · LN-2041 · instalment 6 · ₦35,000.00 outstanding · on hold ¶ Fatima Ibrahim · LN-2043 · instalment 2 · ₦45,000.00 outstanding ¶ Fatima Ibrahim · LN-2043 · instalment 3 · ₦45,000.00 outstanding ¶ Fatima Ibrahim · LN-2043 · instalment 4 · ₦45,000.00 outstanding ¶ Fatima Ibrahim · LN-2043 · instalment 5 · ₦45,000.00 outstanding ¶ Fatima Ibrahim · LN-2043 · instalment 6 · ₦45,000.00 outstanding ¶ Oluwaseun Adeyemi · LN-2044 · instalment 2 · ₦50,000.00 outstanding ¶ Oluwaseun Adeyemi · LN-2044 · instalment 3 · ₦50,000.00 outstanding ¶ Oluwaseun Adeyemi · LN-2044 · instalment 4 · ₦50,000.00 outstanding ¶ Oluwaseun Adeyemi · LN-2044 · instalment 5 · ₦50,000.00 outstanding ¶ Oluwaseun Adeyemi · LN-2044 · instalment 6 · ₦50,000.00 outstanding ¶ Aisha Musa · LN-2045 · instalment 2 · ₦55,000.00 outstanding ¶ Aisha Musa · LN-2045 · instalment 3 · ₦55,000.00 outstanding ¶ Aisha Musa · LN-2045 · instalment 4 · ₦55,000.00 outstanding ¶ Aisha Musa · LN-2045 · instalment 5 · ₦55,000.00 outstanding ¶ Aisha Musa · LN-2045 · instalment 6 · ₦55,000.00 outstanding ¶ Tobechukwu Eze · LN-2046 · instalment 2 · ₦60,000.00 outstanding ¶ Tobechukwu Eze · LN-2046 · instalment 3 · ₦60,000.00 outstanding ¶ Tobechukwu Eze · LN-2046 · instalment 4 · ₦60,000.00 outstanding ¶ Tobechukwu Eze · LN-2046 · instalment 5 · ₦60,000.00 outstanding ¶ Tobechukwu Eze · LN-2046 · instalment 6 · ₦60,000.00 outstanding ¶ Ibrahim Lawal · LN-2049 · instalment 2 · ₦75,000.00 outstanding ¶ Ibrahim Lawal · LN-2049 · instalment 3 · ₦75,000.00 outstanding ¶ Ibrahim Lawal · LN-2049 · instalment 4 · ₦75,000.00 outstanding ¶ Ibrahim Lawal · LN-2049 · instalment 5 · ₦75,000.00 outstanding ¶ Ibrahim Lawal · LN-2049 · instalment 6 · ₦75,000.00 outstanding ¶ Nneka Umeh · LN-2050 · instalment 2 · ₦80,000.00 outstanding ¶ Nneka Umeh · LN-2050 · instalment 3 · ₦80,000.00 outstanding ¶ Nneka Umeh · LN-2050 · instalment 4 · ₦80,000.00 outstanding ¶ Nneka Umeh · LN-2050 · instalment 5 · ₦80,000.00 outstanding ¶ Nneka Umeh · LN-2050 · instalment 6 · ₦80,000.00 outstanding ¶ David James · LN-2051 · instalment 2 · ₦85,000.00 outstanding ¶ David James · LN-2051 · instalment 3 · ₦85,000.00 outstanding ¶ David James · LN-2051 · instalment 4 · ₦85,000.00 outstanding ¶ David James · LN-2051 · instalment 5 · ₦85,000.00 outstanding ¶ David James · LN-2051 · instalment 6 · ₦85,000.00 outstanding ¶ Túndé Bakare · LN-5001 · instalment 1 · ₦1,234,567.89 outstanding ¶ Túndé Bakare · LN-5001 · instalment 2 · ₦1,234,567.89 outstanding ¶ Túndé Bakare · LN-5001 · instalment 3 · ₦1,234,567.89 outstanding ¶ Test Person · LN-9001 · instalment 1 · ₦1,000.50 outstanding ¶ Test Person · LN-9001 · instalment 2 · ₦1,000.50 outstanding ¶ Test Person · LN-9002 · instalment 1 · ₦2,500.00 outstanding ¶ Grace Etim · LN-2052 · instalment 2 · ₦90,000.00 outstanding ¶ Grace Etim · LN-2052 · instalment 3 · ₦90,000.00 outstanding ¶ Grace Etim · LN-2052 · instalment 4 · ₦90,000.00 outstanding ¶ Grace Etim · LN-2052 · instalment 5 · ₦90,000.00 outstanding ¶ Grace Etim · LN-2052 · instalment 6 · ₦90,000.00 outstanding ¶ Chidi Nwosu · LN-2042 · instalment 2 · ₦40,000.00 outstanding ¶ Chidi Nwosu · LN-2042 · instalment 3 · ₦40,000.00 outstanding ¶ Chidi Nwosu · LN-2042 · instalment 4 · ₦40,000.00 outstanding ¶ Chidi Nwosu · LN-2042 · instalment 5 · ₦40,000.00 outstanding ¶ Chidi Nwosu · LN-2042 · instalment 6 · ₦40,000.00 outstanding ¶ Ifeoma Okoro · LN-2048 · instalment 2 · ₦70,000.00 outstanding ¶ Ifeoma Okoro · LN-2048 · instalment 3 · ₦70,000.00 outstanding ¶ Ifeoma Okoro · LN-2048 · instalment 4 · ₦70,000.00 outstanding ¶ Ifeoma Okoro · LN-2048 · instalment 5 · ₦70,000.00 outstanding ¶ Ifeoma Okoro · LN-2048 · instalment 6 · ₦70,000.00 outstanding ¶ Amount (₦) ¶ Up to the amount outstanding on the instalment. ¶ Link expires after (hours) ¶ From 1 hour to 168 hours (7 days). ¶ Money goes to: Meridian Finance's own Paystack account. Valo Pay never holds the money. No Paystack account is connected in this demo. ¶ I have checked the amount and the instalment. In this demo, this creates a link only: no money moves and nothing is sent to the customer. ¶ Create payment request"
106,request-form/empty,7,"You get a link to share with the customer. ¶ The customer sees the amount and lender details. ¶ In this sandbox, the provider is not connected, so the customer is told payment is unavailable. ¶ Expired or cancelled links stop working immediately.","You get a payment link to copy and share with the customer. ¶ The customer sees Meridian Finance's name, the amount and the instalment. ¶ In the live service, the customer approves the payment at their bank. It counts only once it is confirmed: a return from the bank's page is not proof of payment. ¶ In this demo, the customer's page explains that no payment can be made. ¶ The link stops working when it expires or if you cancel the request."
107,request-form/not-confirmed,0,"Creates a shareable demo link for one instalment. ¶ Confirm the amount and recipient before creating a request. ¶ Instalment: ¶ --------- ¶ Amara Okeke · LN-2041 / 2 · ₦35,000.00 ¶ Amara Okeke · LN-2041 / 3 · ₦35,000.00 ¶ Amara Okeke · LN-2041 / 4 · ₦35,000.00 ¶ Amara Okeke · LN-2041 / 5 · ₦35,000.00 ¶ Amara Okeke · LN-2041 / 6 · ₦35,000.00 ¶ Fatima Ibrahim · LN-2043 / 2 · ₦45,000.00 ¶ Fatima Ibrahim · LN-2043 / 3 · ₦45,000.00 ¶ Fatima Ibrahim · LN-2043 / 4 · ₦45,000.00 ¶ Fatima Ibrahim · LN-2043 / 5 · ₦45,000.00 ¶ Fatima Ibrahim · LN-2043 / 6 · ₦45,000.00 ¶ Oluwaseun Adeyemi · LN-2044 / 2 · ₦50,000.00 ¶ Oluwaseun Adeyemi · LN-2044 / 3 · ₦50,000.00 ¶ Oluwaseun Adeyemi · LN-2044 / 4 · ₦50,000.00 ¶ Oluwaseun Adeyemi · LN-2044 / 5 · ₦50,000.00 ¶ Oluwaseun Adeyemi · LN-2044 / 6 · ₦50,000.00 ¶ Aisha Musa · LN-2045 / 2 · ₦55,000.00 ¶ Aisha Musa · LN-2045 / 3 · ₦55,000.00 ¶ Aisha Musa · LN-2045 / 4 · ₦55,000.00 ¶ Aisha Musa · LN-2045 / 5 · ₦55,000.00 ¶ Aisha Musa · LN-2045 / 6 · ₦55,000.00 ¶ Tobechukwu Eze · LN-2046 / 2 · ₦60,000.00 ¶ Tobechukwu Eze · LN-2046 / 3 · ₦60,000.00 ¶ Tobechukwu Eze · LN-2046 / 4 · ₦60,000.00 ¶ Tobechukwu Eze · LN-2046 / 5 · ₦60,000.00 ¶ Tobechukwu Eze · LN-2046 / 6 · ₦60,000.00 ¶ Ibrahim Lawal · LN-2049 / 2 · ₦75,000.00 ¶ Ibrahim Lawal · LN-2049 / 3 · ₦75,000.00 ¶ Ibrahim Lawal · LN-2049 / 4 · ₦75,000.00 ¶ Ibrahim Lawal · LN-2049 / 5 · ₦75,000.00 ¶ Ibrahim Lawal · LN-2049 / 6 · ₦75,000.00 ¶ Nneka Umeh · LN-2050 / 2 · ₦80,000.00 ¶ Nneka Umeh · LN-2050 / 3 · ₦80,000.00 ¶ Nneka Umeh · LN-2050 / 4 · ₦80,000.00 ¶ Nneka Umeh · LN-2050 / 5 · ₦80,000.00 ¶ Nneka Umeh · LN-2050 / 6 · ₦80,000.00 ¶ David James · LN-2051 / 2 · ₦85,000.00 ¶ David James · LN-2051 / 3 · ₦85,000.00 ¶ David James · LN-2051 / 4 · ₦85,000.00 ¶ David James · LN-2051 / 5 · ₦85,000.00 ¶ David James · LN-2051 / 6 · ₦85,000.00 ¶ Túndé Bakare · LN-5001 / 1 · ₦1,234,567.89 ¶ Túndé Bakare · LN-5001 / 2 · ₦1,234,567.89 ¶ Túndé Bakare · LN-5001 / 3 · ₦1,234,567.89 ¶ Test Person · LN-9001 / 1 · ₦1,000.50 ¶ Test Person · LN-9001 / 2 · ₦1,000.50 ¶ Test Person · LN-9002 / 1 · ₦2,500.00 ¶ Grace Etim · LN-2052 / 2 · ₦90,000.00 ¶ Grace Etim · LN-2052 / 3 · ₦90,000.00 ¶ Grace Etim · LN-2052 / 4 · ₦90,000.00 ¶ Grace Etim · LN-2052 / 5 · ₦90,000.00 ¶ Grace Etim · LN-2052 / 6 · ₦90,000.00 ¶ Chidi Nwosu · LN-2042 / 2 · ₦40,000.00 ¶ Chidi Nwosu · LN-2042 / 3 · ₦40,000.00 ¶ Chidi Nwosu · LN-2042 / 4 · ₦40,000.00 ¶ Chidi Nwosu · LN-2042 / 5 · ₦40,000.00 ¶ Chidi Nwosu · LN-2042 / 6 · ₦40,000.00 ¶ Ifeoma Okoro · LN-2048 / 2 · ₦70,000.00 ¶ Ifeoma Okoro · LN-2048 / 3 · ₦70,000.00 ¶ Ifeoma Okoro · LN-2048 / 4 · ₦70,000.00 ¶ Ifeoma Okoro · LN-2048 / 5 · ₦70,000.00 ¶ Ifeoma Okoro · LN-2048 / 6 · ₦70,000.00 ¶ Amount (₦): ¶ Expiry hours: ¶ I understand this creates a demo link only . No money moves and no message is sent to the customer. ¶ Create request link","Creates a payment link for one instalment, which you share with the customer. ¶ Tick the box to confirm you have checked the amount and the instalment. ¶ Instalment ¶ Choose an instalment ¶ Amara Okeke · LN-2041 · instalment 2 · ₦35,000.00 outstanding · on hold ¶ Amara Okeke · LN-2041 · instalment 3 · ₦35,000.00 outstanding · on hold ¶ Amara Okeke · LN-2041 · instalment 4 · ₦35,000.00 outstanding · on hold ¶ Amara Okeke · LN-2041 · instalment 5 · ₦35,000.00 outstanding · on hold ¶ Amara Okeke · LN-2041 · instalment 6 · ₦35,000.00 outstanding · on hold ¶ Fatima Ibrahim · LN-2043 · instalment 2 · ₦45,000.00 outstanding ¶ Fatima Ibrahim · LN-2043 · instalment 3 · ₦45,000.00 outstanding ¶ Fatima Ibrahim · LN-2043 · instalment 4 · ₦45,000.00 outstanding ¶ Fatima Ibrahim · LN-2043 · instalment 5 · ₦45,000.00 outstanding ¶ Fatima Ibrahim · LN-2043 · instalment 6 · ₦45,000.00 outstanding ¶ Oluwaseun Adeyemi · LN-2044 · instalment 2 · ₦50,000.00 outstanding ¶ Oluwaseun Adeyemi · LN-2044 · instalment 3 · ₦50,000.00 outstanding ¶ Oluwaseun Adeyemi · LN-2044 · instalment 4 · ₦50,000.00 outstanding ¶ Oluwaseun Adeyemi · LN-2044 · instalment 5 · ₦50,000.00 outstanding ¶ Oluwaseun Adeyemi · LN-2044 · instalment 6 · ₦50,000.00 outstanding ¶ Aisha Musa · LN-2045 · instalment 2 · ₦55,000.00 outstanding ¶ Aisha Musa · LN-2045 · instalment 3 · ₦55,000.00 outstanding ¶ Aisha Musa · LN-2045 · instalment 4 · ₦55,000.00 outstanding ¶ Aisha Musa · LN-2045 · instalment 5 · ₦55,000.00 outstanding ¶ Aisha Musa · LN-2045 · instalment 6 · ₦55,000.00 outstanding ¶ Tobechukwu Eze · LN-2046 · instalment 2 · ₦60,000.00 outstanding ¶ Tobechukwu Eze · LN-2046 · instalment 3 · ₦60,000.00 outstanding ¶ Tobechukwu Eze · LN-2046 · instalment 4 · ₦60,000.00 outstanding ¶ Tobechukwu Eze · LN-2046 · instalment 5 · ₦60,000.00 outstanding ¶ Tobechukwu Eze · LN-2046 · instalment 6 · ₦60,000.00 outstanding ¶ Ibrahim Lawal · LN-2049 · instalment 2 · ₦75,000.00 outstanding ¶ Ibrahim Lawal · LN-2049 · instalment 3 · ₦75,000.00 outstanding ¶ Ibrahim Lawal · LN-2049 · instalment 4 · ₦75,000.00 outstanding ¶ Ibrahim Lawal · LN-2049 · instalment 5 · ₦75,000.00 outstanding ¶ Ibrahim Lawal · LN-2049 · instalment 6 · ₦75,000.00 outstanding ¶ Nneka Umeh · LN-2050 · instalment 2 · ₦80,000.00 outstanding ¶ Nneka Umeh · LN-2050 · instalment 3 · ₦80,000.00 outstanding ¶ Nneka Umeh · LN-2050 · instalment 4 · ₦80,000.00 outstanding ¶ Nneka Umeh · LN-2050 · instalment 5 · ₦80,000.00 outstanding ¶ Nneka Umeh · LN-2050 · instalment 6 · ₦80,000.00 outstanding ¶ David James · LN-2051 · instalment 2 · ₦85,000.00 outstanding ¶ David James · LN-2051 · instalment 3 · ₦85,000.00 outstanding ¶ David James · LN-2051 · instalment 4 · ₦85,000.00 outstanding ¶ David James · LN-2051 · instalment 5 · ₦85,000.00 outstanding ¶ David James · LN-2051 · instalment 6 · ₦85,000.00 outstanding ¶ Túndé Bakare · LN-5001 · instalment 1 · ₦1,234,567.89 outstanding ¶ Túndé Bakare · LN-5001 · instalment 2 · ₦1,234,567.89 outstanding ¶ Túndé Bakare · LN-5001 · instalment 3 · ₦1,234,567.89 outstanding ¶ Test Person · LN-9001 · instalment 1 · ₦1,000.50 outstanding ¶ Test Person · LN-9001 · instalment 2 · ₦1,000.50 outstanding ¶ Test Person · LN-9002 · instalment 1 · ₦2,500.00 outstanding ¶ Grace Etim · LN-2052 · instalment 2 · ₦90,000.00 outstanding ¶ Grace Etim · LN-2052 · instalment 3 · ₦90,000.00 outstanding ¶ Grace Etim · LN-2052 · instalment 4 · ₦90,000.00 outstanding ¶ Grace Etim · LN-2052 · instalment 5 · ₦90,000.00 outstanding ¶ Grace Etim · LN-2052 · instalment 6 · ₦90,000.00 outstanding ¶ Chidi Nwosu · LN-2042 · instalment 2 · ₦40,000.00 outstanding ¶ Chidi Nwosu · LN-2042 · instalment 3 · ₦40,000.00 outstanding ¶ Chidi Nwosu · LN-2042 · instalment 4 · ₦40,000.00 outstanding ¶ Chidi Nwosu · LN-2042 · instalment 5 · ₦40,000.00 outstanding ¶ Chidi Nwosu · LN-2042 · instalment 6 · ₦40,000.00 outstanding ¶ Ifeoma Okoro · LN-2048 · instalment 2 · ₦70,000.00 outstanding ¶ Ifeoma Okoro · LN-2048 · instalment 3 · ₦70,000.00 outstanding ¶ Ifeoma Okoro · LN-2048 · instalment 4 · ₦70,000.00 outstanding ¶ Ifeoma Okoro · LN-2048 · instalment 5 · ₦70,000.00 outstanding ¶ Ifeoma Okoro · LN-2048 · instalment 6 · ₦70,000.00 outstanding ¶ Amount (₦) ¶ Up to the amount outstanding on the instalment. ¶ Link expires after (hours) ¶ From 1 hour to 168 hours (7 days). ¶ Money goes to: Meridian Finance's own Paystack account. Valo Pay never holds the money. No Paystack account is connected in this demo. ¶ I have checked the amount and the instalment. In this demo, this creates a link only: no money moves and nothing is sent to the customer. ¶ Create payment request"
108,request-form/too-much,0,"Creates a shareable demo link for one instalment. ¶ Instalment: ¶ --------- ¶ Amara Okeke · LN-2041 / 2 · ₦35,000.00 ¶ Amara Okeke · LN-2041 / 3 · ₦35,000.00 ¶ Amara Okeke · LN-2041 / 4 · ₦35,000.00 ¶ Amara Okeke · LN-2041 / 5 · ₦35,000.00 ¶ Amara Okeke · LN-2041 / 6 · ₦35,000.00 ¶ Fatima Ibrahim · LN-2043 / 2 · ₦45,000.00 ¶ Fatima Ibrahim · LN-2043 / 3 · ₦45,000.00 ¶ Fatima Ibrahim · LN-2043 / 4 · ₦45,000.00 ¶ Fatima Ibrahim · LN-2043 / 5 · ₦45,000.00 ¶ Fatima Ibrahim · LN-2043 / 6 · ₦45,000.00 ¶ Oluwaseun Adeyemi · LN-2044 / 2 · ₦50,000.00 ¶ Oluwaseun Adeyemi · LN-2044 / 3 · ₦50,000.00 ¶ Oluwaseun Adeyemi · LN-2044 / 4 · ₦50,000.00 ¶ Oluwaseun Adeyemi · LN-2044 / 5 · ₦50,000.00 ¶ Oluwaseun Adeyemi · LN-2044 / 6 · ₦50,000.00 ¶ Aisha Musa · LN-2045 / 2 · ₦55,000.00 ¶ Aisha Musa · LN-2045 / 3 · ₦55,000.00 ¶ Aisha Musa · LN-2045 / 4 · ₦55,000.00 ¶ Aisha Musa · LN-2045 / 5 · ₦55,000.00 ¶ Aisha Musa · LN-2045 / 6 · ₦55,000.00 ¶ Tobechukwu Eze · LN-2046 / 2 · ₦60,000.00 ¶ Tobechukwu Eze · LN-2046 / 3 · ₦60,000.00 ¶ Tobechukwu Eze · LN-2046 / 4 · ₦60,000.00 ¶ Tobechukwu Eze · LN-2046 / 5 · ₦60,000.00 ¶ Tobechukwu Eze · LN-2046 / 6 · ₦60,000.00 ¶ Ibrahim Lawal · LN-2049 / 2 · ₦75,000.00 ¶ Ibrahim Lawal · LN-2049 / 3 · ₦75,000.00 ¶ Ibrahim Lawal · LN-2049 / 4 · ₦75,000.00 ¶ Ibrahim Lawal · LN-2049 / 5 · ₦75,000.00 ¶ Ibrahim Lawal · LN-2049 / 6 · ₦75,000.00 ¶ Nneka Umeh · LN-2050 / 2 · ₦80,000.00 ¶ Nneka Umeh · LN-2050 / 3 · ₦80,000.00 ¶ Nneka Umeh · LN-2050 / 4 · ₦80,000.00 ¶ Nneka Umeh · LN-2050 / 5 · ₦80,000.00 ¶ Nneka Umeh · LN-2050 / 6 · ₦80,000.00 ¶ David James · LN-2051 / 2 · ₦85,000.00 ¶ David James · LN-2051 / 3 · ₦85,000.00 ¶ David James · LN-2051 / 4 · ₦85,000.00 ¶ David James · LN-2051 / 5 · ₦85,000.00 ¶ David James · LN-2051 / 6 · ₦85,000.00 ¶ Túndé Bakare · LN-5001 / 1 · ₦1,234,567.89 ¶ Túndé Bakare · LN-5001 / 2 · ₦1,234,567.89 ¶ Túndé Bakare · LN-5001 / 3 · ₦1,234,567.89 ¶ Test Person · LN-9001 / 1 · ₦1,000.50 ¶ Test Person · LN-9001 / 2 · ₦1,000.50 ¶ Test Person · LN-9002 / 1 · ₦2,500.00 ¶ Grace Etim · LN-2052 / 2 · ₦90,000.00 ¶ Grace Etim · LN-2052 / 3 · ₦90,000.00 ¶ Grace Etim · LN-2052 / 4 · ₦90,000.00 ¶ Grace Etim · LN-2052 / 5 · ₦90,000.00 ¶ Grace Etim · LN-2052 / 6 · ₦90,000.00 ¶ Chidi Nwosu · LN-2042 / 2 · ₦40,000.00 ¶ Chidi Nwosu · LN-2042 / 3 · ₦40,000.00 ¶ Chidi Nwosu · LN-2042 / 4 · ₦40,000.00 ¶ Chidi Nwosu · LN-2042 / 5 · ₦40,000.00 ¶ Chidi Nwosu · LN-2042 / 6 · ₦40,000.00 ¶ Ifeoma Okoro · LN-2048 / 2 · ₦70,000.00 ¶ Ifeoma Okoro · LN-2048 / 3 · ₦70,000.00 ¶ Ifeoma Okoro · LN-2048 / 4 · ₦70,000.00 ¶ Ifeoma Okoro · LN-2048 / 5 · ₦70,000.00 ¶ Ifeoma Okoro · LN-2048 / 6 · ₦70,000.00 ¶ Cannot exceed the outstanding amount. ¶ Amount (₦): ¶ Expiry hours: ¶ I understand this creates a demo link only . No money moves and no message is sent to the customer. ¶ Create request link","Creates a payment link for one instalment, which you share with the customer. ¶ Instalment ¶ Choose an instalment ¶ Amara Okeke · LN-2041 · instalment 2 · ₦35,000.00 outstanding · on hold ¶ Amara Okeke · LN-2041 · instalment 3 · ₦35,000.00 outstanding · on hold ¶ Amara Okeke · LN-2041 · instalment 4 · ₦35,000.00 outstanding · on hold ¶ Amara Okeke · LN-2041 · instalment 5 · ₦35,000.00 outstanding · on hold ¶ Amara Okeke · LN-2041 · instalment 6 · ₦35,000.00 outstanding · on hold ¶ Fatima Ibrahim · LN-2043 · instalment 2 · ₦45,000.00 outstanding ¶ Fatima Ibrahim · LN-2043 · instalment 3 · ₦45,000.00 outstanding ¶ Fatima Ibrahim · LN-2043 · instalment 4 · ₦45,000.00 outstanding ¶ Fatima Ibrahim · LN-2043 · instalment 5 · ₦45,000.00 outstanding ¶ Fatima Ibrahim · LN-2043 · instalment 6 · ₦45,000.00 outstanding ¶ Oluwaseun Adeyemi · LN-2044 · instalment 2 · ₦50,000.00 outstanding ¶ Oluwaseun Adeyemi · LN-2044 · instalment 3 · ₦50,000.00 outstanding ¶ Oluwaseun Adeyemi · LN-2044 · instalment 4 · ₦50,000.00 outstanding ¶ Oluwaseun Adeyemi · LN-2044 · instalment 5 · ₦50,000.00 outstanding ¶ Oluwaseun Adeyemi · LN-2044 · instalment 6 · ₦50,000.00 outstanding ¶ Aisha Musa · LN-2045 · instalment 2 · ₦55,000.00 outstanding ¶ Aisha Musa · LN-2045 · instalment 3 · ₦55,000.00 outstanding ¶ Aisha Musa · LN-2045 · instalment 4 · ₦55,000.00 outstanding ¶ Aisha Musa · LN-2045 · instalment 5 · ₦55,000.00 outstanding ¶ Aisha Musa · LN-2045 · instalment 6 · ₦55,000.00 outstanding ¶ Tobechukwu Eze · LN-2046 · instalment 2 · ₦60,000.00 outstanding ¶ Tobechukwu Eze · LN-2046 · instalment 3 · ₦60,000.00 outstanding ¶ Tobechukwu Eze · LN-2046 · instalment 4 · ₦60,000.00 outstanding ¶ Tobechukwu Eze · LN-2046 · instalment 5 · ₦60,000.00 outstanding ¶ Tobechukwu Eze · LN-2046 · instalment 6 · ₦60,000.00 outstanding ¶ Ibrahim Lawal · LN-2049 · instalment 2 · ₦75,000.00 outstanding ¶ Ibrahim Lawal · LN-2049 · instalment 3 · ₦75,000.00 outstanding ¶ Ibrahim Lawal · LN-2049 · instalment 4 · ₦75,000.00 outstanding ¶ Ibrahim Lawal · LN-2049 · instalment 5 · ₦75,000.00 outstanding ¶ Ibrahim Lawal · LN-2049 · instalment 6 · ₦75,000.00 outstanding ¶ Nneka Umeh · LN-2050 · instalment 2 · ₦80,000.00 outstanding ¶ Nneka Umeh · LN-2050 · instalment 3 · ₦80,000.00 outstanding ¶ Nneka Umeh · LN-2050 · instalment 4 · ₦80,000.00 outstanding ¶ Nneka Umeh · LN-2050 · instalment 5 · ₦80,000.00 outstanding ¶ Nneka Umeh · LN-2050 · instalment 6 · ₦80,000.00 outstanding ¶ David James · LN-2051 · instalment 2 · ₦85,000.00 outstanding ¶ David James · LN-2051 · instalment 3 · ₦85,000.00 outstanding ¶ David James · LN-2051 · instalment 4 · ₦85,000.00 outstanding ¶ David James · LN-2051 · instalment 5 · ₦85,000.00 outstanding ¶ David James · LN-2051 · instalment 6 · ₦85,000.00 outstanding ¶ Túndé Bakare · LN-5001 · instalment 1 · ₦1,234,567.89 outstanding ¶ Túndé Bakare · LN-5001 · instalment 2 · ₦1,234,567.89 outstanding ¶ Túndé Bakare · LN-5001 · instalment 3 · ₦1,234,567.89 outstanding ¶ Test Person · LN-9001 · instalment 1 · ₦1,000.50 outstanding ¶ Test Person · LN-9001 · instalment 2 · ₦1,000.50 outstanding ¶ Test Person · LN-9002 · instalment 1 · ₦2,500.00 outstanding ¶ Grace Etim · LN-2052 · instalment 2 · ₦90,000.00 outstanding ¶ Grace Etim · LN-2052 · instalment 3 · ₦90,000.00 outstanding ¶ Grace Etim · LN-2052 · instalment 4 · ₦90,000.00 outstanding ¶ Grace Etim · LN-2052 · instalment 5 · ₦90,000.00 outstanding ¶ Grace Etim · LN-2052 · instalment 6 · ₦90,000.00 outstanding ¶ Chidi Nwosu · LN-2042 · instalment 2 · ₦40,000.00 outstanding ¶ Chidi Nwosu · LN-2042 · instalment 3 · ₦40,000.00 outstanding ¶ Chidi Nwosu · LN-2042 · instalment 4 · ₦40,000.00 outstanding ¶ Chidi Nwosu · LN-2042 · instalment 5 · ₦40,000.00 outstanding ¶ Chidi Nwosu · LN-2042 · instalment 6 · ₦40,000.00 outstanding ¶ Ifeoma Okoro · LN-2048 · instalment 2 · ₦70,000.00 outstanding ¶ Ifeoma Okoro · LN-2048 · instalment 3 · ₦70,000.00 outstanding ¶ Ifeoma Okoro · LN-2048 · instalment 4 · ₦70,000.00 outstanding ¶ Ifeoma Okoro · LN-2048 · instalment 5 · ₦70,000.00 outstanding ¶ Ifeoma Okoro · LN-2048 · instalment 6 · ₦70,000.00 outstanding ¶ Enter an amount no higher than ₦40,000.00, the amount outstanding on this instalment. ¶ Amount (₦) ¶ Up to the amount outstanding on the instalment. ¶ Link expires after (hours) ¶ From 1 hour to 168 hours (7 days). ¶ Money goes to: Meridian Finance's own Paystack account. Valo Pay never holds the money. No Paystack account is connected in this demo. ¶ I have checked the amount and the instalment. In this demo, this creates a link only: no money moves and nothing is sent to the customer. ¶ Create payment request"
109,request-form/on-hold,0,"Creates a shareable demo link for one instalment. ¶ This instalment is on hold, closed, or already in progress. ¶ Instalment: ¶ --------- ¶ Amara Okeke · LN-2041 / 2 · ₦35,000.00 ¶ Amara Okeke · LN-2041 / 3 · ₦35,000.00 ¶ Amara Okeke · LN-2041 / 4 · ₦35,000.00 ¶ Amara Okeke · LN-2041 / 5 · ₦35,000.00 ¶ Amara Okeke · LN-2041 / 6 · ₦35,000.00 ¶ Fatima Ibrahim · LN-2043 / 2 · ₦45,000.00 ¶ Fatima Ibrahim · LN-2043 / 3 · ₦45,000.00 ¶ Fatima Ibrahim · LN-2043 / 4 · ₦45,000.00 ¶ Fatima Ibrahim · LN-2043 / 5 · ₦45,000.00 ¶ Fatima Ibrahim · LN-2043 / 6 · ₦45,000.00 ¶ Oluwaseun Adeyemi · LN-2044 / 2 · ₦50,000.00 ¶ Oluwaseun Adeyemi · LN-2044 / 3 · ₦50,000.00 ¶ Oluwaseun Adeyemi · LN-2044 / 4 · ₦50,000.00 ¶ Oluwaseun Adeyemi · LN-2044 / 5 · ₦50,000.00 ¶ Oluwaseun Adeyemi · LN-2044 / 6 · ₦50,000.00 ¶ Aisha Musa · LN-2045 / 2 · ₦55,000.00 ¶ Aisha Musa · LN-2045 / 3 · ₦55,000.00 ¶ Aisha Musa · LN-2045 / 4 · ₦55,000.00 ¶ Aisha Musa · LN-2045 / 5 · ₦55,000.00 ¶ Aisha Musa · LN-2045 / 6 · ₦55,000.00 ¶ Tobechukwu Eze · LN-2046 / 2 · ₦60,000.00 ¶ Tobechukwu Eze · LN-2046 / 3 · ₦60,000.00 ¶ Tobechukwu Eze · LN-2046 / 4 · ₦60,000.00 ¶ Tobechukwu Eze · LN-2046 / 5 · ₦60,000.00 ¶ Tobechukwu Eze · LN-2046 / 6 · ₦60,000.00 ¶ Ibrahim Lawal · LN-2049 / 2 · ₦75,000.00 ¶ Ibrahim Lawal · LN-2049 / 3 · ₦75,000.00 ¶ Ibrahim Lawal · LN-2049 / 4 · ₦75,000.00 ¶ Ibrahim Lawal · LN-2049 / 5 · ₦75,000.00 ¶ Ibrahim Lawal · LN-2049 / 6 · ₦75,000.00 ¶ Nneka Umeh · LN-2050 / 2 · ₦80,000.00 ¶ Nneka Umeh · LN-2050 / 3 · ₦80,000.00 ¶ Nneka Umeh · LN-2050 / 4 · ₦80,000.00 ¶ Nneka Umeh · LN-2050 / 5 · ₦80,000.00 ¶ Nneka Umeh · LN-2050 / 6 · ₦80,000.00 ¶ David James · LN-2051 / 2 · ₦85,000.00 ¶ David James · LN-2051 / 3 · ₦85,000.00 ¶ David James · LN-2051 / 4 · ₦85,000.00 ¶ David James · LN-2051 / 5 · ₦85,000.00 ¶ David James · LN-2051 / 6 · ₦85,000.00 ¶ Túndé Bakare · LN-5001 / 1 · ₦1,234,567.89 ¶ Túndé Bakare · LN-5001 / 2 · ₦1,234,567.89 ¶ Túndé Bakare · LN-5001 / 3 · ₦1,234,567.89 ¶ Test Person · LN-9001 / 1 · ₦1,000.50 ¶ Test Person · LN-9001 / 2 · ₦1,000.50 ¶ Test Person · LN-9002 / 1 · ₦2,500.00 ¶ Grace Etim · LN-2052 / 2 · ₦90,000.00 ¶ Grace Etim · LN-2052 / 3 · ₦90,000.00 ¶ Grace Etim · LN-2052 / 4 · ₦90,000.00 ¶ Grace Etim · LN-2052 / 5 · ₦90,000.00 ¶ Grace Etim · LN-2052 / 6 · ₦90,000.00 ¶ Chidi Nwosu · LN-2042 / 2 · ₦40,000.00 ¶ Chidi Nwosu · LN-2042 / 3 · ₦40,000.00 ¶ Chidi Nwosu · LN-2042 / 4 · ₦40,000.00 ¶ Chidi Nwosu · LN-2042 / 5 · ₦40,000.00 ¶ Chidi Nwosu · LN-2042 / 6 · ₦40,000.00 ¶ Ifeoma Okoro · LN-2048 / 2 · ₦70,000.00 ¶ Ifeoma Okoro · LN-2048 / 3 · ₦70,000.00 ¶ Ifeoma Okoro · LN-2048 / 4 · ₦70,000.00 ¶ Ifeoma Okoro · LN-2048 / 5 · ₦70,000.00 ¶ Ifeoma Okoro · LN-2048 / 6 · ₦70,000.00 ¶ Amount (₦): ¶ Expiry hours: ¶ I understand this creates a demo link only . No money moves and no message is sent to the customer. ¶ Create request link","Creates a payment link for one instalment, which you share with the customer. ¶ This loan is on hold, so a payment cannot be requested until the hold is released. ¶ Instalment ¶ Choose an instalment ¶ Amara Okeke · LN-2041 · instalment 2 · ₦35,000.00 outstanding · on hold ¶ Amara Okeke · LN-2041 · instalment 3 · ₦35,000.00 outstanding · on hold ¶ Amara Okeke · LN-2041 · instalment 4 · ₦35,000.00 outstanding · on hold ¶ Amara Okeke · LN-2041 · instalment 5 · ₦35,000.00 outstanding · on hold ¶ Amara Okeke · LN-2041 · instalment 6 · ₦35,000.00 outstanding · on hold ¶ Fatima Ibrahim · LN-2043 · instalment 2 · ₦45,000.00 outstanding ¶ Fatima Ibrahim · LN-2043 · instalment 3 · ₦45,000.00 outstanding ¶ Fatima Ibrahim · LN-2043 · instalment 4 · ₦45,000.00 outstanding ¶ Fatima Ibrahim · LN-2043 · instalment 5 · ₦45,000.00 outstanding ¶ Fatima Ibrahim · LN-2043 · instalment 6 · ₦45,000.00 outstanding ¶ Oluwaseun Adeyemi · LN-2044 · instalment 2 · ₦50,000.00 outstanding ¶ Oluwaseun Adeyemi · LN-2044 · instalment 3 · ₦50,000.00 outstanding ¶ Oluwaseun Adeyemi · LN-2044 · instalment 4 · ₦50,000.00 outstanding ¶ Oluwaseun Adeyemi · LN-2044 · instalment 5 · ₦50,000.00 outstanding ¶ Oluwaseun Adeyemi · LN-2044 · instalment 6 · ₦50,000.00 outstanding ¶ Aisha Musa · LN-2045 · instalment 2 · ₦55,000.00 outstanding ¶ Aisha Musa · LN-2045 · instalment 3 · ₦55,000.00 outstanding ¶ Aisha Musa · LN-2045 · instalment 4 · ₦55,000.00 outstanding ¶ Aisha Musa · LN-2045 · instalment 5 · ₦55,000.00 outstanding ¶ Aisha Musa · LN-2045 · instalment 6 · ₦55,000.00 outstanding ¶ Tobechukwu Eze · LN-2046 · instalment 2 · ₦60,000.00 outstanding ¶ Tobechukwu Eze · LN-2046 · instalment 3 · ₦60,000.00 outstanding ¶ Tobechukwu Eze · LN-2046 · instalment 4 · ₦60,000.00 outstanding ¶ Tobechukwu Eze · LN-2046 · instalment 5 · ₦60,000.00 outstanding ¶ Tobechukwu Eze · LN-2046 · instalment 6 · ₦60,000.00 outstanding ¶ Ibrahim Lawal · LN-2049 · instalment 2 · ₦75,000.00 outstanding ¶ Ibrahim Lawal · LN-2049 · instalment 3 · ₦75,000.00 outstanding ¶ Ibrahim Lawal · LN-2049 · instalment 4 · ₦75,000.00 outstanding ¶ Ibrahim Lawal · LN-2049 · instalment 5 · ₦75,000.00 outstanding ¶ Ibrahim Lawal · LN-2049 · instalment 6 · ₦75,000.00 outstanding ¶ Nneka Umeh · LN-2050 · instalment 2 · ₦80,000.00 outstanding ¶ Nneka Umeh · LN-2050 · instalment 3 · ₦80,000.00 outstanding ¶ Nneka Umeh · LN-2050 · instalment 4 · ₦80,000.00 outstanding ¶ Nneka Umeh · LN-2050 · instalment 5 · ₦80,000.00 outstanding ¶ Nneka Umeh · LN-2050 · instalment 6 · ₦80,000.00 outstanding ¶ David James · LN-2051 · instalment 2 · ₦85,000.00 outstanding ¶ David James · LN-2051 · instalment 3 · ₦85,000.00 outstanding ¶ David James · LN-2051 · instalment 4 · ₦85,000.00 outstanding ¶ David James · LN-2051 · instalment 5 · ₦85,000.00 outstanding ¶ David James · LN-2051 · instalment 6 · ₦85,000.00 outstanding ¶ Túndé Bakare · LN-5001 · instalment 1 · ₦1,234,567.89 outstanding ¶ Túndé Bakare · LN-5001 · instalment 2 · ₦1,234,567.89 outstanding ¶ Túndé Bakare · LN-5001 · instalment 3 · ₦1,234,567.89 outstanding ¶ Test Person · LN-9001 · instalment 1 · ₦1,000.50 outstanding ¶ Test Person · LN-9001 · instalment 2 · ₦1,000.50 outstanding ¶ Test Person · LN-9002 · instalment 1 · ₦2,500.00 outstanding ¶ Grace Etim · LN-2052 · instalment 2 · ₦90,000.00 outstanding ¶ Grace Etim · LN-2052 · instalment 3 · ₦90,000.00 outstanding ¶ Grace Etim · LN-2052 · instalment 4 · ₦90,000.00 outstanding ¶ Grace Etim · LN-2052 · instalment 5 · ₦90,000.00 outstanding ¶ Grace Etim · LN-2052 · instalment 6 · ₦90,000.00 outstanding ¶ Chidi Nwosu · LN-2042 · instalment 2 · ₦40,000.00 outstanding ¶ Chidi Nwosu · LN-2042 · instalment 3 · ₦40,000.00 outstanding ¶ Chidi Nwosu · LN-2042 · instalment 4 · ₦40,000.00 outstanding ¶ Chidi Nwosu · LN-2042 · instalment 5 · ₦40,000.00 outstanding ¶ Chidi Nwosu · LN-2042 · instalment 6 · ₦40,000.00 outstanding ¶ Ifeoma Okoro · LN-2048 · instalment 2 · ₦70,000.00 outstanding ¶ Ifeoma Okoro · LN-2048 · instalment 3 · ₦70,000.00 outstanding ¶ Ifeoma Okoro · LN-2048 · instalment 4 · ₦70,000.00 outstanding ¶ Ifeoma Okoro · LN-2048 · instalment 5 · ₦70,000.00 outstanding ¶ Ifeoma Okoro · LN-2048 · instalment 6 · ₦70,000.00 outstanding ¶ Amount (₦) ¶ Up to the amount outstanding on the instalment. ¶ Link expires after (hours) ¶ From 1 hour to 168 hours (7 days). ¶ Money goes to: Meridian Finance's own Paystack account. Valo Pay never holds the money. No Paystack account is connected in this demo. ¶ I have checked the amount and the instalment. In this demo, this creates a link only: no money moves and nothing is sent to the customer. ¶ Create payment request"
110,request-form/paid-instalment,0,"Creates a shareable demo link for one instalment. ¶ Select a valid choice. That choice is not one of the available choices. ¶ Instalment: ¶ --------- ¶ Amara Okeke · LN-2041 / 2 · ₦35,000.00 ¶ Amara Okeke · LN-2041 / 3 · ₦35,000.00 ¶ Amara Okeke · LN-2041 / 4 · ₦35,000.00 ¶ Amara Okeke · LN-2041 / 5 · ₦35,000.00 ¶ Amara Okeke · LN-2041 / 6 · ₦35,000.00 ¶ Fatima Ibrahim · LN-2043 / 2 · ₦45,000.00 ¶ Fatima Ibrahim · LN-2043 / 3 · ₦45,000.00 ¶ Fatima Ibrahim · LN-2043 / 4 · ₦45,000.00 ¶ Fatima Ibrahim · LN-2043 / 5 · ₦45,000.00 ¶ Fatima Ibrahim · LN-2043 / 6 · ₦45,000.00 ¶ Oluwaseun Adeyemi · LN-2044 / 2 · ₦50,000.00 ¶ Oluwaseun Adeyemi · LN-2044 / 3 · ₦50,000.00 ¶ Oluwaseun Adeyemi · LN-2044 / 4 · ₦50,000.00 ¶ Oluwaseun Adeyemi · LN-2044 / 5 · ₦50,000.00 ¶ Oluwaseun Adeyemi · LN-2044 / 6 · ₦50,000.00 ¶ Aisha Musa · LN-2045 / 2 · ₦55,000.00 ¶ Aisha Musa · LN-2045 / 3 · ₦55,000.00 ¶ Aisha Musa · LN-2045 / 4 · ₦55,000.00 ¶ Aisha Musa · LN-2045 / 5 · ₦55,000.00 ¶ Aisha Musa · LN-2045 / 6 · ₦55,000.00 ¶ Tobechukwu Eze · LN-2046 / 2 · ₦60,000.00 ¶ Tobechukwu Eze · LN-2046 / 3 · ₦60,000.00 ¶ Tobechukwu Eze · LN-2046 / 4 · ₦60,000.00 ¶ Tobechukwu Eze · LN-2046 / 5 · ₦60,000.00 ¶ Tobechukwu Eze · LN-2046 / 6 · ₦60,000.00 ¶ Ibrahim Lawal · LN-2049 / 2 · ₦75,000.00 ¶ Ibrahim Lawal · LN-2049 / 3 · ₦75,000.00 ¶ Ibrahim Lawal · LN-2049 / 4 · ₦75,000.00 ¶ Ibrahim Lawal · LN-2049 / 5 · ₦75,000.00 ¶ Ibrahim Lawal · LN-2049 / 6 · ₦75,000.00 ¶ Nneka Umeh · LN-2050 / 2 · ₦80,000.00 ¶ Nneka Umeh · LN-2050 / 3 · ₦80,000.00 ¶ Nneka Umeh · LN-2050 / 4 · ₦80,000.00 ¶ Nneka Umeh · LN-2050 / 5 · ₦80,000.00 ¶ Nneka Umeh · LN-2050 / 6 · ₦80,000.00 ¶ David James · LN-2051 / 2 · ₦85,000.00 ¶ David James · LN-2051 / 3 · ₦85,000.00 ¶ David James · LN-2051 / 4 · ₦85,000.00 ¶ David James · LN-2051 / 5 · ₦85,000.00 ¶ David James · LN-2051 / 6 · ₦85,000.00 ¶ Túndé Bakare · LN-5001 / 1 · ₦1,234,567.89 ¶ Túndé Bakare · LN-5001 / 2 · ₦1,234,567.89 ¶ Túndé Bakare · LN-5001 / 3 · ₦1,234,567.89 ¶ Test Person · LN-9001 / 1 · ₦1,000.50 ¶ Test Person · LN-9001 / 2 · ₦1,000.50 ¶ Test Person · LN-9002 / 1 · ₦2,500.00 ¶ Grace Etim · LN-2052 / 2 · ₦90,000.00 ¶ Grace Etim · LN-2052 / 3 · ₦90,000.00 ¶ Grace Etim · LN-2052 / 4 · ₦90,000.00 ¶ Grace Etim · LN-2052 / 5 · ₦90,000.00 ¶ Grace Etim · LN-2052 / 6 · ₦90,000.00 ¶ Chidi Nwosu · LN-2042 / 2 · ₦40,000.00 ¶ Chidi Nwosu · LN-2042 / 3 · ₦40,000.00 ¶ Chidi Nwosu · LN-2042 / 4 · ₦40,000.00 ¶ Chidi Nwosu · LN-2042 / 5 · ₦40,000.00 ¶ Chidi Nwosu · LN-2042 / 6 · ₦40,000.00 ¶ Ifeoma Okoro · LN-2048 / 2 · ₦70,000.00 ¶ Ifeoma Okoro · LN-2048 / 3 · ₦70,000.00 ¶ Ifeoma Okoro · LN-2048 / 4 · ₦70,000.00 ¶ Ifeoma Okoro · LN-2048 / 5 · ₦70,000.00 ¶ Ifeoma Okoro · LN-2048 / 6 · ₦70,000.00 ¶ Amount (₦): ¶ Expiry hours: ¶ I understand this creates a demo link only . No money moves and no message is sent to the customer. ¶ Create request link","Creates a payment link for one instalment, which you share with the customer. ¶ Choose an instalment from the list. Paid instalments and closed loans are not listed. ¶ Instalment ¶ Choose an instalment ¶ Amara Okeke · LN-2041 · instalment 2 · ₦35,000.00 outstanding · on hold ¶ Amara Okeke · LN-2041 · instalment 3 · ₦35,000.00 outstanding · on hold ¶ Amara Okeke · LN-2041 · instalment 4 · ₦35,000.00 outstanding · on hold ¶ Amara Okeke · LN-2041 · instalment 5 · ₦35,000.00 outstanding · on hold ¶ Amara Okeke · LN-2041 · instalment 6 · ₦35,000.00 outstanding · on hold ¶ Fatima Ibrahim · LN-2043 · instalment 2 · ₦45,000.00 outstanding ¶ Fatima Ibrahim · LN-2043 · instalment 3 · ₦45,000.00 outstanding ¶ Fatima Ibrahim · LN-2043 · instalment 4 · ₦45,000.00 outstanding ¶ Fatima Ibrahim · LN-2043 · instalment 5 · ₦45,000.00 outstanding ¶ Fatima Ibrahim · LN-2043 · instalment 6 · ₦45,000.00 outstanding ¶ Oluwaseun Adeyemi · LN-2044 · instalment 2 · ₦50,000.00 outstanding ¶ Oluwaseun Adeyemi · LN-2044 · instalment 3 · ₦50,000.00 outstanding ¶ Oluwaseun Adeyemi · LN-2044 · instalment 4 · ₦50,000.00 outstanding ¶ Oluwaseun Adeyemi · LN-2044 · instalment 5 · ₦50,000.00 outstanding ¶ Oluwaseun Adeyemi · LN-2044 · instalment 6 · ₦50,000.00 outstanding ¶ Aisha Musa · LN-2045 · instalment 2 · ₦55,000.00 outstanding ¶ Aisha Musa · LN-2045 · instalment 3 · ₦55,000.00 outstanding ¶ Aisha Musa · LN-2045 · instalment 4 · ₦55,000.00 outstanding ¶ Aisha Musa · LN-2045 · instalment 5 · ₦55,000.00 outstanding ¶ Aisha Musa · LN-2045 · instalment 6 · ₦55,000.00 outstanding ¶ Tobechukwu Eze · LN-2046 · instalment 2 · ₦60,000.00 outstanding ¶ Tobechukwu Eze · LN-2046 · instalment 3 · ₦60,000.00 outstanding ¶ Tobechukwu Eze · LN-2046 · instalment 4 · ₦60,000.00 outstanding ¶ Tobechukwu Eze · LN-2046 · instalment 5 · ₦60,000.00 outstanding ¶ Tobechukwu Eze · LN-2046 · instalment 6 · ₦60,000.00 outstanding ¶ Ibrahim Lawal · LN-2049 · instalment 2 · ₦75,000.00 outstanding ¶ Ibrahim Lawal · LN-2049 · instalment 3 · ₦75,000.00 outstanding ¶ Ibrahim Lawal · LN-2049 · instalment 4 · ₦75,000.00 outstanding ¶ Ibrahim Lawal · LN-2049 · instalment 5 · ₦75,000.00 outstanding ¶ Ibrahim Lawal · LN-2049 · instalment 6 · ₦75,000.00 outstanding ¶ Nneka Umeh · LN-2050 · instalment 2 · ₦80,000.00 outstanding ¶ Nneka Umeh · LN-2050 · instalment 3 · ₦80,000.00 outstanding ¶ Nneka Umeh · LN-2050 · instalment 4 · ₦80,000.00 outstanding ¶ Nneka Umeh · LN-2050 · instalment 5 · ₦80,000.00 outstanding ¶ Nneka Umeh · LN-2050 · instalment 6 · ₦80,000.00 outstanding ¶ David James · LN-2051 · instalment 2 · ₦85,000.00 outstanding ¶ David James · LN-2051 · instalment 3 · ₦85,000.00 outstanding ¶ David James · LN-2051 · instalment 4 · ₦85,000.00 outstanding ¶ David James · LN-2051 · instalment 5 · ₦85,000.00 outstanding ¶ David James · LN-2051 · instalment 6 · ₦85,000.00 outstanding ¶ Túndé Bakare · LN-5001 · instalment 1 · ₦1,234,567.89 outstanding ¶ Túndé Bakare · LN-5001 · instalment 2 · ₦1,234,567.89 outstanding ¶ Túndé Bakare · LN-5001 · instalment 3 · ₦1,234,567.89 outstanding ¶ Test Person · LN-9001 · instalment 1 · ₦1,000.50 outstanding ¶ Test Person · LN-9001 · instalment 2 · ₦1,000.50 outstanding ¶ Test Person · LN-9002 · instalment 1 · ₦2,500.00 outstanding ¶ Grace Etim · LN-2052 · instalment 2 · ₦90,000.00 outstanding ¶ Grace Etim · LN-2052 · instalment 3 · ₦90,000.00 outstanding ¶ Grace Etim · LN-2052 · instalment 4 · ₦90,000.00 outstanding ¶ Grace Etim · LN-2052 · instalment 5 · ₦90,000.00 outstanding ¶ Grace Etim · LN-2052 · instalment 6 · ₦90,000.00 outstanding ¶ Chidi Nwosu · LN-2042 · instalment 2 · ₦40,000.00 outstanding ¶ Chidi Nwosu · LN-2042 · instalment 3 · ₦40,000.00 outstanding ¶ Chidi Nwosu · LN-2042 · instalment 4 · ₦40,000.00 outstanding ¶ Chidi Nwosu · LN-2042 · instalment 5 · ₦40,000.00 outstanding ¶ Chidi Nwosu · LN-2042 · instalment 6 · ₦40,000.00 outstanding ¶ Ifeoma Okoro · LN-2048 · instalment 2 · ₦70,000.00 outstanding ¶ Ifeoma Okoro · LN-2048 · instalment 3 · ₦70,000.00 outstanding ¶ Ifeoma Okoro · LN-2048 · instalment 4 · ₦70,000.00 outstanding ¶ Ifeoma Okoro · LN-2048 · instalment 5 · ₦70,000.00 outstanding ¶ Ifeoma Okoro · LN-2048 · instalment 6 · ₦70,000.00 outstanding ¶ Amount (₦) ¶ Up to the amount outstanding on the instalment. ¶ Link expires after (hours) ¶ From 1 hour to 168 hours (7 days). ¶ Money goes to: Meridian Finance's own Paystack account. Valo Pay never holds the money. No Paystack account is connected in this demo. ¶ I have checked the amount and the instalment. In this demo, this creates a link only: no money moves and nothing is sent to the customer. ¶ Create payment request"
111,request-form/bad-expiry,0,"Creates a shareable demo link for one instalment. ¶ Instalment: ¶ --------- ¶ Amara Okeke · LN-2041 / 2 · ₦35,000.00 ¶ Amara Okeke · LN-2041 / 3 · ₦35,000.00 ¶ Amara Okeke · LN-2041 / 4 · ₦35,000.00 ¶ Amara Okeke · LN-2041 / 5 · ₦35,000.00 ¶ Amara Okeke · LN-2041 / 6 · ₦35,000.00 ¶ Fatima Ibrahim · LN-2043 / 2 · ₦45,000.00 ¶ Fatima Ibrahim · LN-2043 / 3 · ₦45,000.00 ¶ Fatima Ibrahim · LN-2043 / 4 · ₦45,000.00 ¶ Fatima Ibrahim · LN-2043 / 5 · ₦45,000.00 ¶ Fatima Ibrahim · LN-2043 / 6 · ₦45,000.00 ¶ Oluwaseun Adeyemi · LN-2044 / 2 · ₦50,000.00 ¶ Oluwaseun Adeyemi · LN-2044 / 3 · ₦50,000.00 ¶ Oluwaseun Adeyemi · LN-2044 / 4 · ₦50,000.00 ¶ Oluwaseun Adeyemi · LN-2044 / 5 · ₦50,000.00 ¶ Oluwaseun Adeyemi · LN-2044 / 6 · ₦50,000.00 ¶ Aisha Musa · LN-2045 / 2 · ₦55,000.00 ¶ Aisha Musa · LN-2045 / 3 · ₦55,000.00 ¶ Aisha Musa · LN-2045 / 4 · ₦55,000.00 ¶ Aisha Musa · LN-2045 / 5 · ₦55,000.00 ¶ Aisha Musa · LN-2045 / 6 · ₦55,000.00 ¶ Tobechukwu Eze · LN-2046 / 2 · ₦60,000.00 ¶ Tobechukwu Eze · LN-2046 / 3 · ₦60,000.00 ¶ Tobechukwu Eze · LN-2046 / 4 · ₦60,000.00 ¶ Tobechukwu Eze · LN-2046 / 5 · ₦60,000.00 ¶ Tobechukwu Eze · LN-2046 / 6 · ₦60,000.00 ¶ Ibrahim Lawal · LN-2049 / 2 · ₦75,000.00 ¶ Ibrahim Lawal · LN-2049 / 3 · ₦75,000.00 ¶ Ibrahim Lawal · LN-2049 / 4 · ₦75,000.00 ¶ Ibrahim Lawal · LN-2049 / 5 · ₦75,000.00 ¶ Ibrahim Lawal · LN-2049 / 6 · ₦75,000.00 ¶ Nneka Umeh · LN-2050 / 2 · ₦80,000.00 ¶ Nneka Umeh · LN-2050 / 3 · ₦80,000.00 ¶ Nneka Umeh · LN-2050 / 4 · ₦80,000.00 ¶ Nneka Umeh · LN-2050 / 5 · ₦80,000.00 ¶ Nneka Umeh · LN-2050 / 6 · ₦80,000.00 ¶ David James · LN-2051 / 2 · ₦85,000.00 ¶ David James · LN-2051 / 3 · ₦85,000.00 ¶ David James · LN-2051 / 4 · ₦85,000.00 ¶ David James · LN-2051 / 5 · ₦85,000.00 ¶ David James · LN-2051 / 6 · ₦85,000.00 ¶ Túndé Bakare · LN-5001 / 1 · ₦1,234,567.89 ¶ Túndé Bakare · LN-5001 / 2 · ₦1,234,567.89 ¶ Túndé Bakare · LN-5001 / 3 · ₦1,234,567.89 ¶ Test Person · LN-9001 / 1 · ₦1,000.50 ¶ Test Person · LN-9001 / 2 · ₦1,000.50 ¶ Test Person · LN-9002 / 1 · ₦2,500.00 ¶ Grace Etim · LN-2052 / 2 · ₦90,000.00 ¶ Grace Etim · LN-2052 / 3 · ₦90,000.00 ¶ Grace Etim · LN-2052 / 4 · ₦90,000.00 ¶ Grace Etim · LN-2052 / 5 · ₦90,000.00 ¶ Grace Etim · LN-2052 / 6 · ₦90,000.00 ¶ Chidi Nwosu · LN-2042 / 2 · ₦40,000.00 ¶ Chidi Nwosu · LN-2042 / 3 · ₦40,000.00 ¶ Chidi Nwosu · LN-2042 / 4 · ₦40,000.00 ¶ Chidi Nwosu · LN-2042 / 5 · ₦40,000.00 ¶ Chidi Nwosu · LN-2042 / 6 · ₦40,000.00 ¶ Ifeoma Okoro · LN-2048 / 2 · ₦70,000.00 ¶ Ifeoma Okoro · LN-2048 / 3 · ₦70,000.00 ¶ Ifeoma Okoro · LN-2048 / 4 · ₦70,000.00 ¶ Ifeoma Okoro · LN-2048 / 5 · ₦70,000.00 ¶ Ifeoma Okoro · LN-2048 / 6 · ₦70,000.00 ¶ Amount (₦): ¶ Ensure this value is less than or equal to 168. ¶ Expiry hours: ¶ I understand this creates a demo link only . No money moves and no message is sent to the customer. ¶ Create request link","Creates a payment link for one instalment, which you share with the customer. ¶ Instalment ¶ Choose an instalment ¶ Amara Okeke · LN-2041 · instalment 2 · ₦35,000.00 outstanding · on hold ¶ Amara Okeke · LN-2041 · instalment 3 · ₦35,000.00 outstanding · on hold ¶ Amara Okeke · LN-2041 · instalment 4 · ₦35,000.00 outstanding · on hold ¶ Amara Okeke · LN-2041 · instalment 5 · ₦35,000.00 outstanding · on hold ¶ Amara Okeke · LN-2041 · instalment 6 · ₦35,000.00 outstanding · on hold ¶ Fatima Ibrahim · LN-2043 · instalment 2 · ₦45,000.00 outstanding ¶ Fatima Ibrahim · LN-2043 · instalment 3 · ₦45,000.00 outstanding ¶ Fatima Ibrahim · LN-2043 · instalment 4 · ₦45,000.00 outstanding ¶ Fatima Ibrahim · LN-2043 · instalment 5 · ₦45,000.00 outstanding ¶ Fatima Ibrahim · LN-2043 · instalment 6 · ₦45,000.00 outstanding ¶ Oluwaseun Adeyemi · LN-2044 · instalment 2 · ₦50,000.00 outstanding ¶ Oluwaseun Adeyemi · LN-2044 · instalment 3 · ₦50,000.00 outstanding ¶ Oluwaseun Adeyemi · LN-2044 · instalment 4 · ₦50,000.00 outstanding ¶ Oluwaseun Adeyemi · LN-2044 · instalment 5 · ₦50,000.00 outstanding ¶ Oluwaseun Adeyemi · LN-2044 · instalment 6 · ₦50,000.00 outstanding ¶ Aisha Musa · LN-2045 · instalment 2 · ₦55,000.00 outstanding ¶ Aisha Musa · LN-2045 · instalment 3 · ₦55,000.00 outstanding ¶ Aisha Musa · LN-2045 · instalment 4 · ₦55,000.00 outstanding ¶ Aisha Musa · LN-2045 · instalment 5 · ₦55,000.00 outstanding ¶ Aisha Musa · LN-2045 · instalment 6 · ₦55,000.00 outstanding ¶ Tobechukwu Eze · LN-2046 · instalment 2 · ₦60,000.00 outstanding ¶ Tobechukwu Eze · LN-2046 · instalment 3 · ₦60,000.00 outstanding ¶ Tobechukwu Eze · LN-2046 · instalment 4 · ₦60,000.00 outstanding ¶ Tobechukwu Eze · LN-2046 · instalment 5 · ₦60,000.00 outstanding ¶ Tobechukwu Eze · LN-2046 · instalment 6 · ₦60,000.00 outstanding ¶ Ibrahim Lawal · LN-2049 · instalment 2 · ₦75,000.00 outstanding ¶ Ibrahim Lawal · LN-2049 · instalment 3 · ₦75,000.00 outstanding ¶ Ibrahim Lawal · LN-2049 · instalment 4 · ₦75,000.00 outstanding ¶ Ibrahim Lawal · LN-2049 · instalment 5 · ₦75,000.00 outstanding ¶ Ibrahim Lawal · LN-2049 · instalment 6 · ₦75,000.00 outstanding ¶ Nneka Umeh · LN-2050 · instalment 2 · ₦80,000.00 outstanding ¶ Nneka Umeh · LN-2050 · instalment 3 · ₦80,000.00 outstanding ¶ Nneka Umeh · LN-2050 · instalment 4 · ₦80,000.00 outstanding ¶ Nneka Umeh · LN-2050 · instalment 5 · ₦80,000.00 outstanding ¶ Nneka Umeh · LN-2050 · instalment 6 · ₦80,000.00 outstanding ¶ David James · LN-2051 · instalment 2 · ₦85,000.00 outstanding ¶ David James · LN-2051 · instalment 3 · ₦85,000.00 outstanding ¶ David James · LN-2051 · instalment 4 · ₦85,000.00 outstanding ¶ David James · LN-2051 · instalment 5 · ₦85,000.00 outstanding ¶ David James · LN-2051 · instalment 6 · ₦85,000.00 outstanding ¶ Túndé Bakare · LN-5001 · instalment 1 · ₦1,234,567.89 outstanding ¶ Túndé Bakare · LN-5001 · instalment 2 · ₦1,234,567.89 outstanding ¶ Túndé Bakare · LN-5001 · instalment 3 · ₦1,234,567.89 outstanding ¶ Test Person · LN-9001 · instalment 1 · ₦1,000.50 outstanding ¶ Test Person · LN-9001 · instalment 2 · ₦1,000.50 outstanding ¶ Test Person · LN-9002 · instalment 1 · ₦2,500.00 outstanding ¶ Grace Etim · LN-2052 · instalment 2 · ₦90,000.00 outstanding ¶ Grace Etim · LN-2052 · instalment 3 · ₦90,000.00 outstanding ¶ Grace Etim · LN-2052 · instalment 4 · ₦90,000.00 outstanding ¶ Grace Etim · LN-2052 · instalment 5 · ₦90,000.00 outstanding ¶ Grace Etim · LN-2052 · instalment 6 · ₦90,000.00 outstanding ¶ Chidi Nwosu · LN-2042 · instalment 2 · ₦40,000.00 outstanding ¶ Chidi Nwosu · LN-2042 · instalment 3 · ₦40,000.00 outstanding ¶ Chidi Nwosu · LN-2042 · instalment 4 · ₦40,000.00 outstanding ¶ Chidi Nwosu · LN-2042 · instalment 5 · ₦40,000.00 outstanding ¶ Chidi Nwosu · LN-2042 · instalment 6 · ₦40,000.00 outstanding ¶ Ifeoma Okoro · LN-2048 · instalment 2 · ₦70,000.00 outstanding ¶ Ifeoma Okoro · LN-2048 · instalment 3 · ₦70,000.00 outstanding ¶ Ifeoma Okoro · LN-2048 · instalment 4 · ₦70,000.00 outstanding ¶ Ifeoma Okoro · LN-2048 · instalment 5 · ₦70,000.00 outstanding ¶ Ifeoma Okoro · LN-2048 · instalment 6 · ₦70,000.00 outstanding ¶ Amount (₦) ¶ Up to the amount outstanding on the instalment. ¶ Enter a number of hours from 1 to 168. ¶ Link expires after (hours) ¶ From 1 hour to 168 hours (7 days). ¶ Money goes to: Meridian Finance's own Paystack account. Valo Pay never holds the money. No Paystack account is connected in this demo. ¶ I have checked the amount and the instalment. In this demo, this creates a link only: no money moves and nothing is sent to the customer. ¶ Create payment request"
112,request/created,3,[page title] Payment request · Valo Pay ¶ [meta description] Valo Pay — a synthetic-data collections and Pay-by-bank operations sandbox for Nigerian lenders. ¶ Demo sandbox · Synthetic data only · No real payments,"[page title] Payment request VP-DEMO-<ref> · Valo Pay ¶ [meta description] Valo Pay demo: collections and Pay-by-bank software for Nigerian lenders and cooperatives, shown with sample data. ¶ Demo · Sample data only · No real payments"
113,request/created,1,Admin · switch ¶ Demo payment link created. No payment provider is connected. ¶ Pay-by-bank / Request,"Admin · Switch person ¶ Payment request created. Copy the payment link below and share it with the customer. In this demo, no payment can be made through it. ¶ Pay-by-bank / Payment request"
114,request/created,1,Share link ¶ [aria-label] Share link ¶ Copy ¶ Demo link. Opening it shows the customer page; no payment can complete in the sandbox. ¶ Preview customer page,"Payment link ¶ [aria-label] Payment link ¶ Copy link ¶ Share this link with the customer. In this demo, the customer's page explains that no payment can be made. ¶ Preview the customer's page (opens in a new tab)"
115,request/created,3,"Expires ¶ 5 Oct 2026, HH:MM","Instalment ¶ LN-2042 · instalment 2 of 6, due 4 Oct 2026 ¶ Link expires ¶ 5 Oct 2026, HH:MM WAT"
116,request/created,1,Awaiting approval ¶ [data-confirm] Cancel this request?,Awaiting approval The customer has not yet approved this payment at their bank. ¶ [data-confirm] Cancel payment request VP-DEMO-<ref>? Its link will stop working.
117,request-form/already-in-progress,0,"Creates a shareable demo link for one instalment. ¶ A request is already in progress for this instalment. ¶ Instalment: ¶ --------- ¶ Amara Okeke · LN-2041 / 2 · ₦35,000.00 ¶ Amara Okeke · LN-2041 / 3 · ₦35,000.00 ¶ Amara Okeke · LN-2041 / 4 · ₦35,000.00 ¶ Amara Okeke · LN-2041 / 5 · ₦35,000.00 ¶ Amara Okeke · LN-2041 / 6 · ₦35,000.00 ¶ Fatima Ibrahim · LN-2043 / 2 · ₦45,000.00 ¶ Fatima Ibrahim · LN-2043 / 3 · ₦45,000.00 ¶ Fatima Ibrahim · LN-2043 / 4 · ₦45,000.00 ¶ Fatima Ibrahim · LN-2043 / 5 · ₦45,000.00 ¶ Fatima Ibrahim · LN-2043 / 6 · ₦45,000.00 ¶ Oluwaseun Adeyemi · LN-2044 / 2 · ₦50,000.00 ¶ Oluwaseun Adeyemi · LN-2044 / 3 · ₦50,000.00 ¶ Oluwaseun Adeyemi · LN-2044 / 4 · ₦50,000.00 ¶ Oluwaseun Adeyemi · LN-2044 / 5 · ₦50,000.00 ¶ Oluwaseun Adeyemi · LN-2044 / 6 · ₦50,000.00 ¶ Aisha Musa · LN-2045 / 2 · ₦55,000.00 ¶ Aisha Musa · LN-2045 / 3 · ₦55,000.00 ¶ Aisha Musa · LN-2045 / 4 · ₦55,000.00 ¶ Aisha Musa · LN-2045 / 5 · ₦55,000.00 ¶ Aisha Musa · LN-2045 / 6 · ₦55,000.00 ¶ Tobechukwu Eze · LN-2046 / 2 · ₦60,000.00 ¶ Tobechukwu Eze · LN-2046 / 3 · ₦60,000.00 ¶ Tobechukwu Eze · LN-2046 / 4 · ₦60,000.00 ¶ Tobechukwu Eze · LN-2046 / 5 · ₦60,000.00 ¶ Tobechukwu Eze · LN-2046 / 6 · ₦60,000.00 ¶ Ibrahim Lawal · LN-2049 / 2 · ₦75,000.00 ¶ Ibrahim Lawal · LN-2049 / 3 · ₦75,000.00 ¶ Ibrahim Lawal · LN-2049 / 4 · ₦75,000.00 ¶ Ibrahim Lawal · LN-2049 / 5 · ₦75,000.00 ¶ Ibrahim Lawal · LN-2049 / 6 · ₦75,000.00 ¶ Nneka Umeh · LN-2050 / 2 · ₦80,000.00 ¶ Nneka Umeh · LN-2050 / 3 · ₦80,000.00 ¶ Nneka Umeh · LN-2050 / 4 · ₦80,000.00 ¶ Nneka Umeh · LN-2050 / 5 · ₦80,000.00 ¶ Nneka Umeh · LN-2050 / 6 · ₦80,000.00 ¶ David James · LN-2051 / 2 · ₦85,000.00 ¶ David James · LN-2051 / 3 · ₦85,000.00 ¶ David James · LN-2051 / 4 · ₦85,000.00 ¶ David James · LN-2051 / 5 · ₦85,000.00 ¶ David James · LN-2051 / 6 · ₦85,000.00 ¶ Túndé Bakare · LN-5001 / 1 · ₦1,234,567.89 ¶ Túndé Bakare · LN-5001 / 2 · ₦1,234,567.89 ¶ Túndé Bakare · LN-5001 / 3 · ₦1,234,567.89 ¶ Test Person · LN-9001 / 1 · ₦1,000.50 ¶ Test Person · LN-9001 / 2 · ₦1,000.50 ¶ Test Person · LN-9002 / 1 · ₦2,500.00 ¶ Grace Etim · LN-2052 / 2 · ₦90,000.00 ¶ Grace Etim · LN-2052 / 3 · ₦90,000.00 ¶ Grace Etim · LN-2052 / 4 · ₦90,000.00 ¶ Grace Etim · LN-2052 / 5 · ₦90,000.00 ¶ Grace Etim · LN-2052 / 6 · ₦90,000.00 ¶ Chidi Nwosu · LN-2042 / 2 · ₦40,000.00 ¶ Chidi Nwosu · LN-2042 / 3 · ₦40,000.00 ¶ Chidi Nwosu · LN-2042 / 4 · ₦40,000.00 ¶ Chidi Nwosu · LN-2042 / 5 · ₦40,000.00 ¶ Chidi Nwosu · LN-2042 / 6 · ₦40,000.00 ¶ Ifeoma Okoro · LN-2048 / 2 · ₦70,000.00 ¶ Ifeoma Okoro · LN-2048 / 3 · ₦70,000.00 ¶ Ifeoma Okoro · LN-2048 / 4 · ₦70,000.00 ¶ Ifeoma Okoro · LN-2048 / 5 · ₦70,000.00 ¶ Ifeoma Okoro · LN-2048 / 6 · ₦70,000.00 ¶ Amount (₦): ¶ Expiry hours: ¶ I understand this creates a demo link only . No money moves and no message is sent to the customer. ¶ Create request link","Creates a payment link for one instalment, which you share with the customer. ¶ This instalment already has an open payment request (VP-DEMO-<ref>, Awaiting approval). Cancel it, or wait until it ends, before creating another. ¶ Instalment ¶ Choose an instalment ¶ Amara Okeke · LN-2041 · instalment 2 · ₦35,000.00 outstanding · on hold ¶ Amara Okeke · LN-2041 · instalment 3 · ₦35,000.00 outstanding · on hold ¶ Amara Okeke · LN-2041 · instalment 4 · ₦35,000.00 outstanding · on hold ¶ Amara Okeke · LN-2041 · instalment 5 · ₦35,000.00 outstanding · on hold ¶ Amara Okeke · LN-2041 · instalment 6 · ₦35,000.00 outstanding · on hold ¶ Fatima Ibrahim · LN-2043 · instalment 2 · ₦45,000.00 outstanding ¶ Fatima Ibrahim · LN-2043 · instalment 3 · ₦45,000.00 outstanding ¶ Fatima Ibrahim · LN-2043 · instalment 4 · ₦45,000.00 outstanding ¶ Fatima Ibrahim · LN-2043 · instalment 5 · ₦45,000.00 outstanding ¶ Fatima Ibrahim · LN-2043 · instalment 6 · ₦45,000.00 outstanding ¶ Oluwaseun Adeyemi · LN-2044 · instalment 2 · ₦50,000.00 outstanding ¶ Oluwaseun Adeyemi · LN-2044 · instalment 3 · ₦50,000.00 outstanding ¶ Oluwaseun Adeyemi · LN-2044 · instalment 4 · ₦50,000.00 outstanding ¶ Oluwaseun Adeyemi · LN-2044 · instalment 5 · ₦50,000.00 outstanding ¶ Oluwaseun Adeyemi · LN-2044 · instalment 6 · ₦50,000.00 outstanding ¶ Aisha Musa · LN-2045 · instalment 2 · ₦55,000.00 outstanding ¶ Aisha Musa · LN-2045 · instalment 3 · ₦55,000.00 outstanding ¶ Aisha Musa · LN-2045 · instalment 4 · ₦55,000.00 outstanding ¶ Aisha Musa · LN-2045 · instalment 5 · ₦55,000.00 outstanding ¶ Aisha Musa · LN-2045 · instalment 6 · ₦55,000.00 outstanding ¶ Tobechukwu Eze · LN-2046 · instalment 2 · ₦60,000.00 outstanding ¶ Tobechukwu Eze · LN-2046 · instalment 3 · ₦60,000.00 outstanding ¶ Tobechukwu Eze · LN-2046 · instalment 4 · ₦60,000.00 outstanding ¶ Tobechukwu Eze · LN-2046 · instalment 5 · ₦60,000.00 outstanding ¶ Tobechukwu Eze · LN-2046 · instalment 6 · ₦60,000.00 outstanding ¶ Ibrahim Lawal · LN-2049 · instalment 2 · ₦75,000.00 outstanding ¶ Ibrahim Lawal · LN-2049 · instalment 3 · ₦75,000.00 outstanding ¶ Ibrahim Lawal · LN-2049 · instalment 4 · ₦75,000.00 outstanding ¶ Ibrahim Lawal · LN-2049 · instalment 5 · ₦75,000.00 outstanding ¶ Ibrahim Lawal · LN-2049 · instalment 6 · ₦75,000.00 outstanding ¶ Nneka Umeh · LN-2050 · instalment 2 · ₦80,000.00 outstanding ¶ Nneka Umeh · LN-2050 · instalment 3 · ₦80,000.00 outstanding ¶ Nneka Umeh · LN-2050 · instalment 4 · ₦80,000.00 outstanding ¶ Nneka Umeh · LN-2050 · instalment 5 · ₦80,000.00 outstanding ¶ Nneka Umeh · LN-2050 · instalment 6 · ₦80,000.00 outstanding ¶ David James · LN-2051 · instalment 2 · ₦85,000.00 outstanding ¶ David James · LN-2051 · instalment 3 · ₦85,000.00 outstanding ¶ David James · LN-2051 · instalment 4 · ₦85,000.00 outstanding ¶ David James · LN-2051 · instalment 5 · ₦85,000.00 outstanding ¶ David James · LN-2051 · instalment 6 · ₦85,000.00 outstanding ¶ Túndé Bakare · LN-5001 · instalment 1 · ₦1,234,567.89 outstanding ¶ Túndé Bakare · LN-5001 · instalment 2 · ₦1,234,567.89 outstanding ¶ Túndé Bakare · LN-5001 · instalment 3 · ₦1,234,567.89 outstanding ¶ Test Person · LN-9001 · instalment 1 · ₦1,000.50 outstanding ¶ Test Person · LN-9001 · instalment 2 · ₦1,000.50 outstanding ¶ Test Person · LN-9002 · instalment 1 · ₦2,500.00 outstanding ¶ Grace Etim · LN-2052 · instalment 2 · ₦90,000.00 outstanding ¶ Grace Etim · LN-2052 · instalment 3 · ₦90,000.00 outstanding ¶ Grace Etim · LN-2052 · instalment 4 · ₦90,000.00 outstanding ¶ Grace Etim · LN-2052 · instalment 5 · ₦90,000.00 outstanding ¶ Grace Etim · LN-2052 · instalment 6 · ₦90,000.00 outstanding ¶ Chidi Nwosu · LN-2042 · instalment 2 · ₦40,000.00 outstanding ¶ Chidi Nwosu · LN-2042 · instalment 3 · ₦40,000.00 outstanding ¶ Chidi Nwosu · LN-2042 · instalment 4 · ₦40,000.00 outstanding ¶ Chidi Nwosu · LN-2042 · instalment 5 · ₦40,000.00 outstanding ¶ Chidi Nwosu · LN-2042 · instalment 6 · ₦40,000.00 outstanding ¶ Ifeoma Okoro · LN-2048 · instalment 2 · ₦70,000.00 outstanding ¶ Ifeoma Okoro · LN-2048 · instalment 3 · ₦70,000.00 outstanding ¶ Ifeoma Okoro · LN-2048 · instalment 4 · ₦70,000.00 outstanding ¶ Ifeoma Okoro · LN-2048 · instalment 5 · ₦70,000.00 outstanding ¶ Ifeoma Okoro · LN-2048 · instalment 6 · ₦70,000.00 outstanding ¶ Amount (₦) ¶ Up to the amount outstanding on the instalment. ¶ Link expires after (hours) ¶ From 1 hour to 168 hours (7 days). ¶ Money goes to: Meridian Finance's own Paystack account. Valo Pay never holds the money. No Paystack account is connected in this demo. ¶ I have checked the amount and the instalment. In this demo, this creates a link only: no money moves and nothing is sent to the customer. ¶ Create payment request"
118,payments/list,7,"Payments & requests ¶ Requests are shareable demo links. Payments show only what a provider reported, never assumed.","Payment requests and payments ¶ A payment request asks a customer to pay one instalment from their bank. A payment appears below only once it is confirmed. In this demo, every payment is a sample record and no payment can be made."
119,payments/list,7,[placeholder] Customer or reference ¶ [aria-label] Search,[placeholder] Customer name or reference ¶ [aria-label] Search payment requests and payments
120,payments/list,3,,Awaiting approval means the customer has not yet approved the payment at their bank.
121,payments/list,3,Expires,Link expires
122,payments/list,13,5 Oct HH:MM,"5 Oct 2026, HH:MM WAT"
123,payments/list,0,View ¶ [data-confirm] Cancel this request? The link will stop working. ¶ Cancel,View VP-DEMO-<ref> ¶ [data-confirm] Cancel payment request VP-DEMO-<ref>? Its link will stop working. ¶ Cancel request VP-DEMO-<ref>
124,payments/list,59,Refund,Request refund for DEMO-<org>-6
125,payments/filter-confirmed,3,No requests Create one from any due instalment.,No payment requests match your search or filter
126,payments/filter-failed,2,No payments recorded Provider-confirmed payments appear here.,No payments match your search or filter
127,borrower/payment,3,[page title] Meridian Finance · Valo Pay ¶ Demo sandbox · Synthetic data only · No real payments,[page title] Payment request · Meridian Finance ¶ Demo · Customer's view · No real payments
128,borrower/payment,1,Meridian Finance Secured by Valo Pay · Loan LN-2042,Meridian Finance Valo Pay is a service provider to Meridian Finance · Loan LN-2042
129,borrower/payment,0,Meridian Finance has requested a payment towards loan LN-2042.,Meridian Finance has asked you to make a payment towards your loan LN-2042.
130,borrower/payment,0,"Link expires 5 Oct 2026, HH:MM ¶ Pay by bank transfer","For instalment 2 of 6, due 4 Oct 2026 ¶ This link expires on 5 Oct 2026 at HH:MM WAT ¶ Pay from your bank"
131,borrower/payment-submitted,0,"Meridian Finance Secured by Valo Pay · Loan LN-2042 ¶ Bank provider unavailable ¶ We could not reach the payment provider. ¶ This is a demo sandbox. No bank was contacted, nothing was authorised, and no money has moved . If this were live, you would now be sent to your bank to confirm. ¶ Questions about your loan? Contact Meridian Finance directly.","Meridian Finance Valo Pay is a service provider to Meridian Finance · Loan LN-2042 ¶ Demo · bank step not available ¶ No payment was made ¶ This is a demonstration, so you were not sent to your bank and no money moved . In the live service, you would approve the payment at your bank, and Meridian Finance would see it only after it is confirmed. ¶ Questions about your loan? Contact Meridian Finance."
132,borrower/consent,2,[page title] Meridian Finance · Valo Pay ¶ Demo sandbox · Synthetic data only · No real payments,[page title] Direct debit authorisation · Meridian Finance ¶ Demo · Customer's view · No real payments
133,borrower/consent,0,"Hello Grace, please review your repayment plan. ¶ Meridian Finance is asking permission to collect your loan repayments from your bank account on the dates below.","Hello Grace, please check your repayment plan ¶ Meridian Finance is asking for your permission to collect your loan repayments from your bank account on the dates below. This is called a direct debit."
134,borrower/consent,0,Maximum per debit,Maximum for each debit
135,borrower/consent,0,"If a debit fails ¶ Standard ¶ Schedule ¶ 4 Sep 2026 ¶ ₦90,000.00","If a debit does not go through: Meridian Finance may try again 2 days later and 5 days later, for the same amount. ¶ Repayment schedule"
136,borrower/consent,0,Continue to my bank,Continue to your bank
137,borrower/consent-submitted,0,"Meridian Finance Secured by Valo Pay · Loan LN-2052 ¶ Bank provider unavailable ¶ We could not reach the payment provider. ¶ This is a demo sandbox. No bank was contacted, nothing was authorised, and no money has moved . If this were live, you would now be sent to your bank to confirm. ¶ Questions about your loan? Contact Meridian Finance directly.","Meridian Finance Valo Pay is a service provider to Meridian Finance · Loan LN-2052 ¶ Demo · bank step not available ¶ Your bank was not contacted ¶ This is a demonstration, so no direct debit authorisation was created and no money will be collected. In the live service, you would now go to your bank to approve the authorisation. ¶ Questions about your loan? Contact Meridian Finance."
138,borrower/consent-link-inactive,0,Meridian Finance Secured by Valo Pay · Loan LN-2041 ¶ Link unavailable ¶ This link has expired or was cancelled. ¶ Please contact Meridian Finance for a new link. No payment was taken through this link.,"Meridian Finance Valo Pay is a service provider to Meridian Finance · Loan LN-2041 ¶ Link no longer active ¶ This consent link is no longer active ¶ It may have been used or withdrawn, or it was not used within 14 days. If you need a new link, contact Meridian Finance."
139,borrower/unknown-link,0,[page title] Not Found ¶ Not Found ¶ The requested resource was not found on this server.,"[page title] Link not found · Valo Pay ¶ [meta description] Valo Pay demo: collections and Pay-by-bank software for Nigerian lenders and cooperatives, shown with sample data. ¶ Demo · Sample data only · No real payments ¶ V Valo Pay ¶ Link not found ¶ This link does not work ¶ It may be incomplete, or it may have been replaced or cancelled. No payment can be made and nothing can be authorised through it. If you need a new link, contact the lender or cooperative that sent it to you."
140,request/cancelled,0,Admin · switch ¶ Request cancelled.,Admin · Switch person ¶ Payment request VP-DEMO-<ref> cancelled. Its link no longer works.
141,request/cancelled,3,View,View VP-DEMO-<ref>
142,request/cancel-again,0,Admin · switch ¶ Only an unpaid request awaiting approval can be cancelled.,Admin · Switch person ¶ This payment request is already cancelled.
143,request/detail-cancelled,1,Admin · switch ¶ Pay-by-bank / Request,Admin · Switch person ¶ Pay-by-bank / Payment request
144,request/detail-cancelled,0,Share link ¶ [aria-label] Share link ¶ Copy ¶ Demo link. Opening it shows the customer page; no payment can complete in the sandbox. ¶ Preview customer page,"Payment link ¶ [aria-label] Payment link ¶ Copy link ¶ This link no longer works, because the request is Cancelled. ¶ Preview the customer's page (opens in a new tab)"
145,request/detail-cancelled,0,Cancelled,Cancelled This request was cancelled. The link no longer works.
146,borrower/payment-link-cancelled,1,Meridian Finance Secured by Valo Pay · Loan LN-2042 ¶ Link unavailable ¶ This link has expired or was cancelled. ¶ Please contact Meridian Finance for a new link. No payment was taken through this link.,"Meridian Finance Valo Pay is a service provider to Meridian Finance · Loan LN-2042 ¶ Link no longer active ¶ This payment link is no longer active ¶ It has expired, or Meridian Finance cancelled the request. No payment can be made through this link. If you still need to pay, contact Meridian Finance for a new link."
147,request/detail-expired,0,Share link ¶ [aria-label] Share link ¶ Copy ¶ Demo link. Opening it shows the customer page; no payment can complete in the sandbox. ¶ Preview customer page,"Payment link ¶ [aria-label] Payment link ¶ Copy link ¶ This link no longer works, because the request is Expired. ¶ Preview the customer's page (opens in a new tab)"
148,request/detail-expired,0,Expired,Expired The link expired before a payment was approved. It no longer works.
149,reviews/open,4,Admin · switch ¶ Exceptions,Admin · Switch person ¶ Review queue
150,reviews/open,6,"Unknown outcomes, failures and refunds. A second person approves anything that touches money. ¶ [placeholder] Customer or type ¶ [aria-label] Search","Items a person must decide: Unknown results, failed debits, unclear matches, consent problems and refund requests. Anything that affects money is decided by someone other than the person who prepared it. ¶ [placeholder] Customer name or review type ¶ [aria-label] Search reviews"
151,reviews/mine-empty,0,Queue is clear Show all open,No open items are assigned to you Show all open items
152,reviews/closed-empty,0,No closed items Back to the open queue,No closed items yet Back to the open queue
153,reviews/search-no-match,0,Queue is clear Show all open,No open items match your search Clear search
154,review/consent-problem-as-preparer,4,[page title] Review Detail · Valo Pay ¶ [meta description] Valo Pay — a synthetic-data collections and Pay-by-bank operations sandbox for Nigerian lenders. ¶ Demo sandbox · Synthetic data only · No real payments,"[page title] Consent problem · Review · Valo Pay ¶ [meta description] Valo Pay demo: collections and Pay-by-bank software for Nigerian lenders and cooperatives, shown with sample data. ¶ Demo · Sample data only · No real payments"
155,review/consent-problem-as-preparer,4,Evidence,"What needs deciding ¶ Something is wrong with this customer's consent and a person needs to look at it. ¶ Customer ¶ Oluwaseun Adeyemi ¶ Instalment ¶ LN-2044 · instalment 2, due 6 Oct 2026"
156,review/consent-problem-as-preparer,15,"6 Oct 2026, HH:MM","6 Oct 2026, HH:MM WAT"
157,review/consent-problem-as-preparer,5,"Synthetic example for exploring the review process. No bank was contacted; no real money moved. ¶ Unknown outcomes, unclear matches, possible duplicates and reversals need provider evidence before they can be resolved. That integration is not connected yet, so those outcomes are blocked here. No payment can be marked paid by hand. Refund approvals are only marked Approved in the sandbox; no provider processes them. The preparer (Ada Okafor) cannot approve their own item. ¶ Assign","Evidence ¶ Sample item for trying out reviews. No bank or payment provider was contacted, and no money moved."
158,review/consent-problem-as-preparer,11,,Who is working on this item
159,review/consent-problem-as-preparer,5,"You prepared this item, so a different person must decide it. Simulate another role","You prepared this item, so a different person must decide it. Switch person"
160,review/resolve-own-item,0,Admin · switch ¶ A different person must review this item.,"Admin · Switch person ¶ You prepared this item, so a different person must decide it."
161,review/assign-success,0,Admin · switch ¶ Owner updated.,Admin · Switch person ¶ Zainab Yusuf now owns this review.
162,review/unknown-result-as-reviewer,1,[page title] Review Detail · Valo Pay ¶ [meta description] Valo Pay — a synthetic-data collections and Pay-by-bank operations sandbox for Nigerian lenders. ¶ Demo sandbox · Synthetic data only · No real payments,"[page title] Unknown result · Review · Valo Pay ¶ [meta description] Valo Pay demo: collections and Pay-by-bank software for Nigerian lenders and cooperatives, shown with sample data. ¶ Demo · Sample data only · No real payments"
163,review/unknown-result-as-reviewer,1,Reviewer · switch ¶ Simulating Tunde Bello (Reviewer). This is not authentication.,Reviewer · Switch person ¶ You're now acting as Tunde Bello (Reviewer). This is for the demo only; it is not signing in.
164,review/unknown-result-as-reviewer,1,Evidence,"What needs deciding ¶ No final result arrived for a payment in time. Further collection for this instalment is on hold until the result is known. ¶ Customer ¶ Amara Okeke ¶ Instalment ¶ LN-2041 · instalment 2, due 3 Oct 2026"
165,review/unknown-result-as-reviewer,2,"Synthetic example for exploring the review process. No bank was contacted; no real money moved. ¶ Unknown outcomes, unclear matches, possible duplicates and reversals need provider evidence before they can be resolved. That integration is not connected yet, so those outcomes are blocked here. No payment can be marked paid by hand. Refund approvals are only marked Approved in the sandbox; no provider processes them. The preparer (Ada Okafor) cannot approve their own item. ¶ Assign","Evidence ¶ Sample item for trying out reviews. No bank or payment provider was contacted, and no money moved. ¶ This item needs evidence from Paystack or the bank before anyone can decide it. No Paystack account is connected in this demo, so it stays open. A payment is never marked as paid by hand."
166,review/unknown-result-as-reviewer,2,"This needs provider or bank evidence, which is not connected in the sandbox, so it cannot be decided here.","This item cannot be decided in this demo, because it needs evidence from Paystack or the bank."
167,review/resolve-needs-evidence,0,Reviewer · switch ¶ Provider or bank evidence is required. Financial resolution is disabled until the integration is connected.,"Reviewer · Switch person ¶ This item needs evidence from Paystack or the bank before it can be decided. No Paystack account is connected in this demo, so it stays open."
168,review/resolve-without-note,0,Reviewer · switch ¶ Select an outcome and add a note.,Reviewer · Switch person ¶ Choose an outcome and write a note explaining your decision.
169,review/resolve-without-note,2,Outcome,Decision
170,review/resolve-without-note,1,,Resolve it if you have dealt with it. Dismiss it if no action is needed.
171,review/resolve-without-note,2,[placeholder] What you checked and why,"[placeholder] What you checked, and why you decided this ¶ Saved with the decision and included in the review log."
172,review/non-money-as-preparer-role,2,[page title] Review Detail · Valo Pay ¶ [meta description] Valo Pay — a synthetic-data collections and Pay-by-bank operations sandbox for Nigerian lenders. ¶ Demo sandbox · Synthetic data only · No real payments,"[page title] Non-retryable failure · Review · Valo Pay ¶ [meta description] Valo Pay demo: collections and Pay-by-bank software for Nigerian lenders and cooperatives, shown with sample data. ¶ Demo · Sample data only · No real payments"
173,review/non-money-as-preparer-role,1,Preparer · switch ¶ Simulating Zainab Yusuf (Preparer). This is not authentication.,Preparer · Switch person ¶ You're now acting as Zainab Yusuf (Preparer). This is for the demo only; it is not signing in.
174,review/non-money-as-preparer-role,2,Evidence,"What needs deciding ¶ A debit did not go through for a reason that trying again will not fix, such as a closed account or withdrawn consent. ¶ Customer ¶ Aisha Musa ¶ Instalment ¶ LN-2045 · instalment 2, due 3 Oct 2026"
175,review/resolved,0,Preparer · switch ¶ Decision saved. Approved refunds remain unprocessed until a provider is connected.,Preparer · Switch person ¶ Review resolved. Your note is saved with the decision.
176,review/resolved,1,,Decided by ¶ Zainab Yusuf
177,review/resolved,1,"Synthetic example for exploring the review process. No bank was contacted; no real money moved. ¶ Note: Customer will pay by transfer ¶ Unknown outcomes, unclear matches, possible duplicates and reversals need provider evidence before they can be resolved. That integration is not connected yet, so those outcomes are blocked here. No payment can be marked paid by hand. Refund approvals are only marked Approved in the sandbox; no provider processes them. The preparer (Ada Okafor) cannot approve their own item. ¶ Closed Resolved","Evidence ¶ Sample item for trying out reviews. No bank or payment provider was contacted, and no money moved. ¶ Decision note: Customer will pay by transfer ¶ Decision ¶ Resolved by Zainab Yusuf. ¶ Customer will pay by transfer"
178,review/change-closed,0,Preparer · switch ¶ This review is already closed.,"Preparer · Switch person ¶ This review is already closed, so it cannot be changed."
179,review/unclear-match-as-preparer-role,0,[page title] Review Detail · Valo Pay ¶ [meta description] Valo Pay — a synthetic-data collections and Pay-by-bank operations sandbox for Nigerian lenders. ¶ Demo sandbox · Synthetic data only · No real payments,"[page title] Unclear match · Review · Valo Pay ¶ [meta description] Valo Pay demo: collections and Pay-by-bank software for Nigerian lenders and cooperatives, shown with sample data. ¶ Demo · Sample data only · No real payments"
180,review/unclear-match-as-preparer-role,1,Preparer · switch,Preparer · Switch person
181,review/unclear-match-as-preparer-role,0,Evidence,"What needs deciding ¶ A payment may belong to this instalment, but it could not be matched automatically. Someone must confirm or reject the suggested match. ¶ Customer ¶ Ifeoma Okoro ¶ Instalment ¶ LN-2048 · instalment 2, due 6 Oct 2026"
182,reviews/mine-as-preparer,0,Preparer · switch ¶ Exceptions,Preparer · Switch person ¶ Review queue
183,refund-form/empty,2,[page title] Refund Form · Valo Pay ¶ [meta description] Valo Pay — a synthetic-data collections and Pay-by-bank operations sandbox for Nigerian lenders. ¶ Demo sandbox · Synthetic data only · No real payments,"[page title] Request a refund · Valo Pay ¶ [meta description] Valo Pay demo: collections and Pay-by-bank software for Nigerian lenders and cooperatives, shown with sample data. ¶ Demo · Sample data only · No real payments"
184,refund-form/empty,0,Admin · switch ¶ Simulating Ada Okafor (Admin). This is not authentication.,Admin · Switch person ¶ You're now acting as Ada Okafor (Admin). This is for the demo only; it is not signing in.
185,refund-form/empty,0,"Amara Okeke · DEMO-<org>-0 · ₦35,000.00 ¶ Refund amount (₦): ¶ Reason: ¶ Submit for approval","Amara Okeke · payment DEMO-<org>-0 · ₦35,000.00 ¶ Refund amount (₦) ¶ Up to ₦35,000.00: the part of this payment not already covered by refund requests. ¶ Reason for the refund ¶ The person who reviews the request sees this. It is saved with the request. ¶ Request refund"
186,refund-form/empty,2,"A different team member must approve this in Reviews . In the sandbox, approval only marks it Approved — no money is returned.","A different team member must approve or reject this request in Reviews . Approval does not move money: in the live service, Paystack processes the refund after approval. In this demo, nothing is refunded."
187,refund-form/too-much,0,"Amara Okeke · DEMO-<org>-0 · ₦35,000.00 ¶ Exceeds the amount still available to refund. ¶ Refund amount (₦): ¶ Reason: ¶ Submit for approval","Amara Okeke · payment DEMO-<org>-0 · ₦35,000.00 ¶ Enter an amount no higher than ₦35,000.00, the part of this payment not already covered by refund requests. ¶ Refund amount (₦) ¶ Up to ₦35,000.00: the part of this payment not already covered by refund requests. ¶ Reason for the refund ¶ The person who reviews the request sees this. It is saved with the request. ¶ Request refund"
188,refund-form/no-reason,0,"Amara Okeke · DEMO-<org>-0 · ₦35,000.00 ¶ Refund amount (₦): ¶ This field is required. ¶ Reason: ¶ Submit for approval","Amara Okeke · payment DEMO-<org>-0 · ₦35,000.00 ¶ Refund amount (₦) ¶ Up to ₦35,000.00: the part of this payment not already covered by refund requests. ¶ Enter the reason for this refund. ¶ Reason for the refund ¶ The person who reviews the request sees this. It is saved with the request. ¶ Request refund"
189,refund/requested,4,[page title] Review Detail · Valo Pay ¶ [meta description] Valo Pay — a synthetic-data collections and Pay-by-bank operations sandbox for Nigerian lenders. ¶ Demo sandbox · Synthetic data only · No real payments,"[page title] Refund request · Review · Valo Pay ¶ [meta description] Valo Pay demo: collections and Pay-by-bank software for Nigerian lenders and cooperatives, shown with sample data. ¶ Demo · Sample data only · No real payments"
190,refund/requested,0,Admin · switch,Admin · Switch person ¶ Refund of ₦10.00 requested. A different team member must approve or reject it here in Reviews.
191,refund/requested,4,Evidence,"What needs deciding ¶ A team member has asked to return part or all of a confirmed payment. ¶ Customer ¶ Amara Okeke ¶ Instalment ¶ LN-2041 · instalment 1, due 4 Sep 2026"
192,refund/requested,2,,Refund status ¶ Requested ¶ Evidence
193,refund/requested,2,"Unknown outcomes, unclear matches, possible duplicates and reversals need provider evidence before they can be resolved. That integration is not connected yet, so those outcomes are blocked here. No payment can be marked paid by hand. Refund approvals are only marked Approved in the sandbox; no provider processes them. The preparer (Ada Okafor) cannot approve their own item. ¶ Assign","Approving a refund records the decision only. In the live service, Paystack then processes the refund, and its status moves to Processing and then to Refunded or Failed. In this demo, nothing is refunded."
194,review/refund-approved,0,Reviewer · switch ¶ Decision saved. Approved refunds remain unprocessed until a provider is connected.,"Reviewer · Switch person ¶ Refund approved. Nothing has been refunded yet: in the live service, Paystack processes approved refunds. In this demo, no money moves."
195,review/refund-approved,0,,Refund status ¶ Approved Not refunded yet. No money has been returned. ¶ Decided by ¶ Tunde Bello
196,review/refund-approved,1,,Evidence
197,review/refund-approved,0,"Note: Duplicate confirmed ¶ Unknown outcomes, unclear matches, possible duplicates and reversals need provider evidence before they can be resolved. That integration is not connected yet, so those outcomes are blocked here. No payment can be marked paid by hand. Refund approvals are only marked Approved in the sandbox; no provider processes them. The preparer (Ada Okafor) cannot approve their own item. ¶ Closed Resolved","Decision note: Duplicate confirmed ¶ Approving a refund records the decision only. In the live service, Paystack then processes the refund, and its status moves to Processing and then to Refunded or Failed. In this demo, nothing is refunded. ¶ Decision ¶ Resolved by Tunde Bello. ¶ Duplicate confirmed"
198,review/refund-rejected,0,Reviewer · switch ¶ Simulating Ada Okafor (Admin). This is not authentication. ¶ Simulating Tunde Bello (Reviewer). This is not authentication. ¶ Decision saved. Approved refunds remain unprocessed until a provider is connected.,Reviewer · Switch person ¶ You're now acting as Ada Okafor (Admin). This is for the demo only; it is not signing in. ¶ Refund of ₦5.00 requested. A different team member must approve or reject it here in Reviews. ¶ You're now acting as Tunde Bello (Reviewer). This is for the demo only; it is not signing in. ¶ Refund rejected. The payment is unchanged.
199,review/refund-rejected,0,,Refund status ¶ Rejected ¶ Decided by ¶ Tunde Bello
200,review/refund-rejected,0,"Note: Not a duplicate ¶ Unknown outcomes, unclear matches, possible duplicates and reversals need provider evidence before they can be resolved. That integration is not connected yet, so those outcomes are blocked here. No payment can be marked paid by hand. Refund approvals are only marked Approved in the sandbox; no provider processes them. The preparer (Ada Okafor) cannot approve their own item. ¶ Closed Dismissed","Decision note: Not a duplicate ¶ Approving a refund records the decision only. In the live service, Paystack then processes the refund, and its status moves to Processing and then to Refunded or Failed. In this demo, nothing is refunded. ¶ Decision ¶ Dismissed by Tunde Bello. ¶ Not a duplicate"
201,reviews/closed,0,Reviewer · switch ¶ Exceptions,Reviewer · Switch person ¶ Review queue
202,reports,0,Admin · switch ¶ Simulating Ada Okafor (Admin). This is not authentication. ¶ Evidence,Admin · Switch person ¶ You're now acting as Ada Okafor (Admin). This is for the demo only; it is not signing in. ¶ Records
203,reports,0,Today's position and CSV exports for reconciliation and audit.,Today's figures and CSV downloads for reconciliation and audit. Figures use sample data and count confirmed payments only.
204,reports,0,3 instalments,3 unpaid instalments
205,reports,0,8 sample payments ¶ Failed,8 sample payments since 1 Oct ¶ Failed instalments
206,reports,0,On hold,Instalments on hold
207,reports,0,,on 1 loan
208,reports,0,,of 15 loans
209,reports,0,CSV exports,CSV downloads
210,reports,0,"Every payment with status, source and reference ¶ Download CSV","Each payment with its reference, customer, amount, status, source and date. In this demo, all are sample records. ¶ Download CSV : Payments"
211,reports,0,"Consent status, limits and expiry per loan ¶ Download CSV","Consent status, maximum per debit and end date for each loan ¶ Download CSV : Consents"
212,reports,0,"Exceptions, owners, outcomes and approvers ¶ Download CSV","Each review item with its owner, deadline, outcome and note, and who prepared and decided it ¶ Download CSV : Reviews"
213,reports,0,"Who did what, and when ¶ Download CSV",Who did what and when. Each entry is linked to the one before it. Admins only. ¶ Download CSV : Audit log
214,reports,0,"Today's due, confirmed and exception totals ¶ Download CSV","Today's totals: due, confirmed, failed, on hold and open reviews, with the period each one covers ¶ Download CSV : Daily summary"
215,settings/admin,3,"Organisation, team, billing estimate and go-live checklist.","Your organisation's details, the demo team, a price example and the go-live checklist."
216,settings/admin,1,Name: ¶ Retry preset: ¶ Standard · retry after 2 and 5 days ¶ Gentle · once after 3 days ¶ Off · no retries ¶ Receipts:,"Organisation name ¶ Customers see this name on consent and payment pages. ¶ Retry preset ¶ Standard · try again after 2 and 5 days ¶ Gentle · try once more after 3 days ¶ Off · do not try again ¶ What happens when a direct debit does not go through. Customers see this on the consent page. ¶ Email receipts to customers ¶ When this is on, customers get an email receipt for each confirmed payment. Emails are not sent in this demo."
217,settings/admin,1,"Simulate role Not sign-in ¶ Switch whose view you see. This is a sandbox simulation, not authentication. ¶ Simulate role",Act as a team member Demo only ¶ This demo has no sign-in. Choose a team member to see what their role can and cannot do. ¶ Team member
218,settings/admin,3,Switch,Switch person
219,settings/admin,1,Ada Okafor you Admin ¶ Tunde Bello Reviewer ¶ Zainab Yusuf Preparer ¶ Emeka Obi Viewer ¶ Team invitations and two-factor authentication are not connected yet. ¶ Price illustration ¶ Licence,"Ada Okafor you Sets up the organisation, team and settings. Can also act as a Reviewer. Admin ¶ Tunde Bello Supervisor: approves or rejects refunds, decides items that affect money and releases holds. Reviewer ¶ Zainab Yusuf Collections officer: imports loans, creates consent links and payment requests, requests refunds and works the review queue. Preparer ¶ Emeka Obi Read-only access and downloads. Viewer ¶ Inviting team members and two-step verification are not available in this demo. ¶ Price example ¶ Collections licence (Starter)"
220,settings/admin,3,Usage,Usage fees
221,settings/admin,3,Bank fees,Pay-by-bank fees
222,settings/admin,3,VAT,VAT (7.5%)
223,settings/admin,3,Total,Example total for a month
224,settings/admin,3,"Illustration of pricing only, based on 0 eligible items. Excludes all synthetic payments. Not an invoice and not real usage; nothing is charged.","An example based on proposed Collections pricing: a licence from ₦150,000 a month, plus a usage fee of 0.3% of each eligible direct debit, capped at ₦150. A debit is eligible once it is confirmed and the contract's reversal period has passed without a reversal. Sample payments are never eligible, so usage here is ₦0.00 (0 eligible debits). Pay-by-bank is priced separately (proposed: ₦50 per confirmed payment). Paystack's own fees are extra. This is not an invoice and nothing is charged: prices are agreed in writing."
225,settings/admin,3,"Legal clearance and signed agreements — to do ¶ Nigerian production hosting and backups — to do ¶ Two verified staff accounts with two-step verification — to do ¶ Paystack connection and signed webhook verified — to do ¶ Independent security and load testing — to do ¶ Live-test debit, payment and second-approved refund — to do ¶ Customer notice dates and reconciled import — to do ¶ Pilot training and acceptance — to do ¶ Paystack: not connected. Live mode is disabled in this sandbox. ¶ Go live (unavailable)","Live mode can be switched on only when every item is done. ¶ Legal clearance received and agreements signed — not done ¶ Hosting and backups set up in Nigeria — not done ¶ At least two team members with two-step verification, so preparer and reviewer can be different people — not done ¶ Paystack live keys connected and a signed webhook event received — not done ¶ Independent security and load tests passed — not done ¶ In Live test mode: a small debit and a Pay-by-bank payment confirmed and matched, and one refunded with a second person's approval — not done ¶ Customer notice dates confirmed, and imported loans checked against your loan system's totals — not done ¶ Team training and pilot acceptance complete — not done ¶ Paystack is not connected. Live mode cannot be switched on in this demo. ¶ Switch to live mode (unavailable)"
226,settings/saved,0,Admin · switch ¶ Demo settings saved. Email delivery and scheduled debits are not connected.,Admin · Switch person ¶ Settings saved. Emails and scheduled debits do not run in this demo.
227,settings/role-switched,1,"Name: ¶ Retry preset: ¶ Standard · retry after 2 and 5 days ¶ Gentle · once after 3 days ¶ Off · no retries ¶ Receipts: ¶ Save settings ¶ Simulate role Not sign-in ¶ Switch whose view you see. This is a sandbox simulation, not authentication. ¶ Simulate role","Only an Admin can change these settings. You are acting as Zainab Yusuf (Preparer). ¶ Organisation name ¶ Customers see this name on consent and payment pages. ¶ Retry preset ¶ Standard · try again after 2 and 5 days ¶ Gentle · try once more after 3 days ¶ Off · do not try again ¶ What happens when a direct debit does not go through. Customers see this on the consent page. ¶ Email receipts to customers ¶ When this is on, customers get an email receipt for each confirmed payment. Emails are not sent in this demo. ¶ Act as a team member Demo only ¶ This demo has no sign-in. Choose a team member to see what their role can and cannot do. ¶ Team member"
228,settings/role-switched,1,Ada Okafor Admin ¶ Tunde Bello Reviewer ¶ Zainab Yusuf you Preparer ¶ Emeka Obi Viewer ¶ Team invitations and two-factor authentication are not connected yet. ¶ Price illustration ¶ Licence,"Ada Okafor Sets up the organisation, team and settings. Can also act as a Reviewer. Admin ¶ Tunde Bello Supervisor: approves or rejects refunds, decides items that affect money and releases holds. Reviewer ¶ Zainab Yusuf you Collections officer: imports loans, creates consent links and payment requests, requests refunds and works the review queue. Preparer ¶ Emeka Obi Read-only access and downloads. Viewer ¶ Inviting team members and two-step verification are not available in this demo. ¶ Price example ¶ Collections licence (Starter)"
229,settings/save-as-preparer,1,[page title] 403 Forbidden ¶ 403 Forbidden,"[page title] Not allowed · Valo Pay ¶ [meta description] Valo Pay demo: collections and Pay-by-bank software for Nigerian lenders and cooperatives, shown with sample data. ¶ Demo · Sample data only · No real payments ¶ V Valo Pay ¶ Not allowed ¶ Your current role cannot do this ¶ The team member you are acting as does not have permission for this, so nothing was changed. In this demo, you can switch to a team member whose role allows it. ¶ Switch person Go to Today"
230,preview/credit-desk,1,Preparer · switch ¶ Sample preview · Coming later,Preparer · Switch person ¶ Preview · Not available yet
231,preview/credit-desk,0,An early look at what we plan to build. Nothing here is live and no data is connected. ¶ Planned capabilities ¶ Statement-based ability-to-repay assessments planned ¶ Separate data-access and assessment permissions planned ¶ Second-person review with applicant explanations planned ¶ No credit scores or automated approvals planned,"An early look at a workspace planned for a later release. Nothing here is live, and no data is connected. ¶ Planned features ¶ Ability-to-repay assessments based on bank statements planned ¶ Separate permissions for reading account data and for the assessment planned ¶ A second reviewer records each decision and an explanation for the applicant planned ¶ No credit scores or automatic approvals: a person always decides planned"
232,preview/cash-desk,0,An early look at what we plan to build. Nothing here is live and no data is connected. ¶ Planned capabilities ¶ Cash balances with freshness dates planned ¶ 30- and 90-day collection forecasts planned ¶ Reviewed accounting drafts and CSV exports planned ¶ VAT records and payroll funding plans — no payouts planned,"An early look at a workspace planned for a later release. Nothing here is live, and no data is connected. ¶ Planned features ¶ Cash balances, each showing when it was last updated planned ¶ Estimated cash for the next 30 and 90 days, based on expected instalments planned ¶ Draft accounting entries checked by a second person, to download as CSV planned ¶ VAT records, and plans that check whether cash covers payroll (Valo Pay never pays staff) planned"
233,forbidden/viewer-add-customer,0,[page title] 403 Forbidden ¶ 403 Forbidden,"[page title] Not allowed · Valo Pay ¶ [meta description] Valo Pay demo: collections and Pay-by-bank software for Nigerian lenders and cooperatives, shown with sample data. ¶ Demo · Sample data only · No real payments ¶ V Valo Pay ¶ You're now acting as Emeka Obi (Viewer). This is for the demo only; it is not signing in. ¶ Not allowed ¶ Your current role cannot do this ¶ The team member you are acting as does not have permission for this, so nothing was changed. In this demo, you can switch to a team member whose role allows it. ¶ Switch person Go to Today"
234,customer/as-viewer,0,Viewer · switch ¶ Simulating Emeka Obi (Viewer). This is not authentication.,Viewer · Switch person
235,customer/as-viewer,0,Place on hold ¶ Reason (required) ¶ [placeholder] e.g. Customer dispute under review ¶ Pause collections ¶ Record consent withdrawal ¶ [data-confirm] Record that this customer withdrew consent? ¶ Reason (required) ¶ Withdraw consent ¶ Close loan ¶ [data-confirm] Close this loan? This is logged. ¶ Reason (required) ¶ Close loan,"As a Viewer, you can see this loan but not change it."
236,not-found/customer,0,[page title] Not Found ¶ Not Found ¶ The requested resource was not found on this server.,"[page title] Page not found · Valo Pay ¶ [meta description] Valo Pay demo: collections and Pay-by-bank software for Nigerian lenders and cooperatives, shown with sample data. ¶ Demo · Sample data only · No real payments ¶ V Valo Pay ¶ You're now acting as Ada Okafor (Admin). This is for the demo only; it is not signing in. ¶ Page not found ¶ This page does not exist ¶ The link may be wrong, incomplete or out of date. If someone sent you this link, ask them for a new one. Demo records belong to one workspace, so links from an earlier demo session no longer work. ¶ Go to Valo Pay"
237,not-found/export-kind,0,Unknown export,"[page title] Page not found · Valo Pay ¶ [meta description] Valo Pay demo: collections and Pay-by-bank software for Nigerian lenders and cooperatives, shown with sample data. ¶ Demo · Sample data only · No real payments ¶ V Valo Pay ¶ Page not found ¶ This page does not exist ¶ The link may be wrong, incomplete or out of date. If someone sent you this link, ask them for a new one. Demo records belong to one workspace, so links from an earlier demo session no longer work. ¶ Go to Valo Pay"
238,not-found/bad-id,0,[page title] Not Found ¶ Not Found ¶ The requested resource was not found on this server.,"[page title] Page not found · Valo Pay ¶ [meta description] Valo Pay demo: collections and Pay-by-bank software for Nigerian lenders and cooperatives, shown with sample data. ¶ Demo · Sample data only · No real payments ¶ V Valo Pay ¶ Page not found ¶ This page does not exist ¶ The link may be wrong, incomplete or out of date. If someone sent you this link, ask them for a new one. Demo records belong to one workspace, so links from an earlier demo session no longer work. ¶ Go to Valo Pay"
239,export/payments,0,"reference,customer,amount_ngn,status,source,paid_at,synthetic ¶ DEMO-<org>-0,Amara Okeke,35000.00,Confirmed,Pay-by-bank,2026-10-04T07:HH:MM.373152+HH:MM,True ¶ DEMO-<org>-1,Chidi Nwosu,40000.00,Confirmed,Direct debit,2026-10-03T07:HH:MM.386458+HH:MM,True ¶ DEMO-<org>-2,Fatima Ibrahim,45000.00,Confirmed,Direct debit,2026-10-02T07:HH:MM.393328+HH:MM,True ¶ DEMO-<org>-3,Oluwaseun Adeyemi,50000.00,Confirmed,Pay-by-bank,2026-10-01T07:HH:MM.401336+HH:MM,True ¶ DEMO-<org>-4,Aisha Musa,55000.00,Confirmed,Direct debit,2026-09-30T07:HH:MM.409395+HH:MM,True","reference,customer,amount_ngn,status,source,paid_at,sample_data ¶ DEMO-<org>-0,Amara Okeke,35000.00,Confirmed,Pay-by-bank,2026-10-04T09:HH:MM.862215+HH:MM,True ¶ DEMO-<org>-1,Chidi Nwosu,40000.00,Confirmed,Direct debit,2026-10-03T09:HH:MM.870965+HH:MM,True ¶ DEMO-<org>-2,Fatima Ibrahim,45000.00,Confirmed,Direct debit,2026-10-02T09:HH:MM.876496+HH:MM,True ¶ DEMO-<org>-3,Oluwaseun Adeyemi,50000.00,Confirmed,Pay-by-bank,2026-10-01T09:HH:MM.882101+HH:MM,True ¶ DEMO-<org>-4,Aisha Musa,55000.00,Confirmed,Direct debit,2026-09-30T09:HH:MM.889166+HH:MM,True"
240,export/reviews,0,"id,type,customer,status,owner,deadline,outcome,note ¶ 1,Unknown result,Amara Okeke,Open,Tunde Bello,2026-10-03T07:HH:MM.377504+HH:MM,, ¶ 4,Unclear match,Ifeoma Okoro,Open,Tunde Bello,2026-10-06T07:HH:MM.431838+HH:MM,, ¶ 2,Consent problem,Oluwaseun Adeyemi,Open,Zainab Yusuf,2026-10-06T07:HH:MM.403893+HH:MM,, ¶ 3,Non-retryable failure,Aisha Musa,Resolved,Tunde Bello,2026-10-06T07:HH:MM.411494+HH:MM,Resolved,Customer will pay by transfer ¶ 5,Refund request,Amara Okeke,Resolved,Tunde Bello,2026-10-06T07:HH:MM.823888+HH:MM,Resolved,Duplicate confirmed","id,type,customer,status,owner,deadline,outcome,note,prepared_by,decided_by ¶ 1,Unknown result,Amara Okeke,Open,Tunde Bello,2026-10-03T09:HH:MM.865429+HH:MM,,,Ada Okafor, ¶ 4,Unclear match,Ifeoma Okoro,Open,Tunde Bello,2026-10-06T09:HH:MM.907552+HH:MM,,,Ada Okafor, ¶ 2,Consent problem,Oluwaseun Adeyemi,Open,Zainab Yusuf,2026-10-06T09:HH:MM.883908+HH:MM,,,Ada Okafor, ¶ 3,Non-retryable failure,Aisha Musa,Resolved,Tunde Bello,2026-10-06T09:HH:MM.890623+HH:MM,Resolved,Customer will pay by transfer,Ada Okafor,Zainab Yusuf ¶ 5,Refund request,Amara Okeke,Resolved,Tunde Bello,2026-10-06T09:HH:MM.340661+HH:MM,Resolved,Duplicate confirmed,Ada Okafor,Tunde Bello"
241,export/audit,0,"2026-10-04T07:HH:MM.091399+HH:MM,Ada Okafor,Settings updated,""Organisation name, retry preset or receipt preference updated in demo."",98846064d8c7087b48646546a6f46c7f1373b77b3adab38eaec755994b6f4d82,53f70f085f1a84ead3826b7f23caf3a0d86b159346f546a85acf1640483a63ab ¶ 2026-10-04T07:HH:MM.007606+HH:MM,Tunde Bello,Review resolved,6: Dismissed. Not a duplicate,c60dc484ee1d0812ee4be4389ccf549b1b4c61bbea0a0d2efb3579c43a6529e5,98846064d8c7087b48646546a6f46c7f1373b77b3adab38eaec755994b6f4d82 ¶ 2026-10-04T07:HH:MM.978555+HH:MM,Ada Okafor,Refund requested,DEMO-<org>-0: ₦5.00,b437d6c6ef910e588b4e7b2cef0f1b0b3dfd5207aaf700b1655d8401e30967ce,c60dc484ee1d0812ee4be4389ccf549b1b4c61bbea0a0d2efb3579c43a6529e5 ¶ 2026-10-04T07:HH:MM.921527+HH:MM,Tunde Bello,Review resolved,5: Resolved. Duplicate confirmed,2c534d8ebe4b69edad6478f5406a04e745d53d7cad5345348544d42f00835876,b437d6c6ef910e588b4e7b2cef0f1b0b3dfd5207aaf700b1655d8401e30967ce ¶ 2026-10-04T07:HH:MM.828088+HH:MM,Ada Okafor,Refund requested,DEMO-<org>-0: ₦10.00,9db3b402b53ecab405f8c9e67fdee78a4ecacd26cc84e7c5d96938f0b66a4478,2c534d8ebe4b69edad6478f5406a04e745d53d7cad5345348544d42f00835876","2026-10-04T09:HH:MM.594355+HH:MM,Ada Okafor,Settings updated,""Organisation name, retry preset or email receipts setting saved."",ca45016c9d3b69a7fb2daf09422c22abad91e07a3e9ad40b9d843d5c61566a9a,7cc6378ae289d6cb5da25e1ac81a805fc4de4a0e1a94c61e18785b23b5a33dd9 ¶ 2026-10-04T09:HH:MM.497638+HH:MM,Tunde Bello,Review resolved,6: Dismissed. Not a duplicate,70610c414af3887e3893386e7dd0326e2fbe9c0b25c275f7770400876cfc06bb,ca45016c9d3b69a7fb2daf09422c22abad91e07a3e9ad40b9d843d5c61566a9a ¶ 2026-10-04T09:HH:MM.471444+HH:MM,Ada Okafor,Refund requested,DEMO-<org>-0: ₦5.00,81ca034ba0e5f6ebe685ed5d924390e9c7bb44c344641817c2c49dc2ccfe515c,70610c414af3887e3893386e7dd0326e2fbe9c0b25c275f7770400876cfc06bb ¶ 2026-10-04T09:HH:MM.424382+HH:MM,Tunde Bello,Review resolved,5: Resolved. Duplicate confirmed,08502b92302d99af713e0cf31469687789590d1678843b74a69c7f717a742711,81ca034ba0e5f6ebe685ed5d924390e9c7bb44c344641817c2c49dc2ccfe515c ¶ 2026-10-04T09:HH:MM.344374+HH:MM,Ada Okafor,Refund requested,DEMO-<org>-0: ₦10.00,d5d1fcc24c77850312463620ca35b1592e7bbd6390b1df4e0d356151e811251c,08502b92302d99af713e0cf31469687789590d1678843b74a69c7f717a742711"
242,export/daily,0,"metric,value,dataset ¶ due_display,""₦180,000.00"",Synthetic demo only ¶ due_count,3,Synthetic demo only ¶ collected_display,""₦460,000.00"",Synthetic demo only ¶ confirmed_count,8,Synthetic demo only ¶ failed_count,1,Synthetic demo only","metric,value,period,data ¶ Instalments due today and not yet paid,3,4 Oct 2026,Sample data from the demo ¶ Outstanding on instalments due today (NGN),180000.00,4 Oct 2026,Sample data from the demo ¶ Confirmed payments,8,1 Oct 2026 to 4 Oct 2026 (WAT),Sample data from the demo ¶ Confirmed payments (NGN),460000.00,1 Oct 2026 to 4 Oct 2026 (WAT),Sample data from the demo ¶ Failed instalments,1,Now,Sample data from the demo"
243,today/after-activity,0,"Admin · switch ¶ Simulating Ada Okafor (Admin). This is not authentication. ¶ Sunday, 4 October 2026 ¶ Good day, Ada Okafor. ¶ What was due, what was confirmed, and what needs a human decision. ¶ New payment request Open reviews (3) ¶ Collected this month · sample records","Admin · Switch person ¶ Sunday 4 Oct 2026 ¶ Good day, Ada Okafor ¶ What is due, what has been confirmed and what needs a decision. ¶ New payment request Review queue (3 open) ¶ New to Valo Pay? Open the demo guide for a step-by-step tour of this sample lender. ¶ Confirmed this month · sample data"
244,today/after-activity,0,"Settings updated Organisation name, retry preset or receipt preference updated in demo.","Settings updated Organisation name, retry preset or email receipts setting saved."
